Workbook

Sheet Worksheet
A1: NRO | B1: DNI | C1: APELLIDOS Y NOMBRES COMPLETO | D1: CORREO | E1: CELULAR | F1: GRADO | G1: PROGRAMA | H1: NOTA FINAL | I1: SITUACIÓN
A2: NRO | B2: DNI | C2: APELLIDOS Y NOMBRES COMPLETO | D2: CORREO | E2: CELULAR | F2: GRADO | G2: PROGRAMA | H2: NOTA FINAL | I2: SITUACIÓN
A3: 9 | B3: 75363208 | C3: LLAMO DIAZ NELSON JOSUE | D3: nejlld25@gmail.com | E3: 955850651 | F3: MAESTRIA | G3: Ciencias con mención en Ingeniería Hidráulica | H3: 80.5 | I3: ALCANZÓ VACANTE
A4: 18 | B4: 44666269 | C4: SILVA DELGADO GHIERALD ELOY | D4: silvaagricola0406@gmail.com | E4: 926186587 | F4: MAESTRIA | G4: Ciencias con mención en Ingeniería Hidráulica | H4: 74.5 | I4: ALCANZÓ VACANTE
A5: 3 | B5: 71491689 | C5: CIEZA HERRERA IVAN MARCELO | D5: ivanciencias13@gmail.com | E5: 968750910 | F5: MAESTRIA | G5: Ciencias con mención en Ingeniería Hidráulica | H5: 74 | I5: ALCANZÓ VACANTE
A6: 17 | B6: 73462669 | C6: SAUCEDO LINARES CRISTIAN YOMAR | D6: cristiansaucedolinares10@gmail.com | E6: 975609988 | F6: MAESTRIA | G6: Ciencias con mención en Ingeniería Hidráulica | H6: 74 | I6: ALCANZÓ VACANTE
A7: 1 | B7: 71396806 | C7: ARBOLEDA IMAN JUAN MANUEL | D7: juanarboledai1996@gmail.com | E7: 972026173 | F7: MAESTRIA | G7: Ciencias con mención en Ingeniería Hidráulica | H7: 73.5 | I7: ALCANZÓ VACANTE
A8: 2 | B8: 43111414 | C8: AREVALO CORONEL RAUL JOEL | D8: rauljac86@outlook.com | E8: 939737207 | F8: MAESTRIA | G8: Ciencias con mención en Ingeniería Hidráulica | H8: 72.5 | I8: ALCANZÓ VACANTE
A9: 5 | B9: 60258953 | C9: GUEVARA PORTILLO FRANCO DAVID | D9: francod.gp@gmail.com | E9: 990453660 | F9: MAESTRIA | G9: Ciencias con mención en Ingeniería Hidráulica | H9: 72.5 | I9: ALCANZÓ VACANTE
A10: 12 | B10: 73025102 | C10: OJEDA CAPUÑAY RENZO PAOLO | D10: renzo_ojeda_0304@outlook.com | E10: 963584802 | F10: MAESTRIA | G10: Ciencias con mención en Ingeniería Hidráulica | H10: 72.5 | I10: ALCANZÓ VACANTE
A11: 7 | B11: 75720372 | C11: HUAYTALLA YARANGA JOSE LUIS | D11: jose.huaytalla21@gmail.com | E11: 941361826 | F11: MAESTRIA | G11: Ciencias con mención en Ingeniería Hidráulica | H11: 72 | I11: ALCANZÓ VACANTE
A12: 15 | B12: 46135037 | C12: SAAVEDRA RUIZ AQUILES | D12: aquiles_sr4@hotmail.com | E12: 918313510 | F12: MAESTRIA | G12: Ciencias con mención en Ingeniería Hidráulica | H12: 70 | I12: ALCANZÓ VACANTE
A13: 10 | B13: 48199611 | C13: MANAYAY MANAYAY JOSELITO | D13: jmanayaym@hotmail.com | E13: 925882492 | F13: MAESTRIA | G13: Ciencias con mención en Ingeniería Hidráulica | H13: 68.5 | I13: ALCANZÓ VACANTE
A14: 4 | B14: 73514125 | C14: DE LA CRUZ DE LA CRUZ LUIS ARMANDO | D14: luisdelacruz1409@gmail.com | E14: 973854830 | F14: MAESTRIA | G14: Ciencias con mención en Ingeniería Hidráulica | H14: 67.5 | I14: ALCANZÓ VACANTE
... A183: 2 | B183: 73262781 | C183: CHINCHAYAN BARRENECHEA MARIO JESUS | D183: mariojcb1910@gmail.com | E183: 910201305 | F183: MAESTRIA | G183: Ciencias de la Educación con mención en Docencia y Gestión Universitaria | H183: 71.9 | I183: ALCANZÓ VACANTE
A184: 3 | B184: 03886801 | C184: VELASQUEZ SAAVEDRA ROGER JAVIER | D184: rogervelasquezsaavedra@gmail.com | E184: 947495718 | F184: MAESTRIA | G184: Ciencias de la Educación con mención en Docencia y Gestión Universitaria | H184: 71.9 | I184: ALCANZÓ VACANTE
A185: 4 | B185: 47248891 | C185: SAAVEDRA AGUILAR RAUL CRISTHIAN | D185: raulcristhians@gmail.com | E185: 940115835 | F185: MAESTRIA | G185: Ciencias de la Educación con mención en Docencia y Gestión Universitaria | H185: 71 | I185: ALCANZÓ VACANTE
A186: 5 | B186: 43984489 | C186: ASALDE YUPTON MIGUEL ANGEL | D186: masalde@unprg.edu.pe | E186: 928228502 | F186: MAESTRIA | G186: Ciencias de la Educación con mención en Docencia y Gestión Universitaria | H186: 70.5 | I186: ALCANZÓ VACANTE
A187: 6 | B187: 71077059 | C187: CHUMIOQUE CHARCAPE MYRIAN JESUS | D187: miriam04leo@gmail.com | E187: 936794282 | F187: MAESTRIA | G187: Ciencias de la Educación con mención en Docencia y Gestión Universitaria | H187: 69.9 | I187: ALCANZÓ VACANTE
A188: 7 | B188: 72023455 | C188: ADRIANZEN FLORES JEAN MARCOS | D188: jeanmarcosadrianzenflores@gmail.com | E188: 926104720 | F188: MAESTRIA | G188: Ciencias de la Educación con mención en Docencia y Gestión Universitaria | H188: 69.1 | I188: ALCANZÓ VACANTE
A189: 8 | B189: 44197041 | C189: ZEÑA SAMPEN JOSE ERNESTO | D189: ernestozena@gmail.com | E189: 966243348 | F189: MAESTRIA | G189: Ciencias de la Educación con mención en Docencia y Gestión Universitaria | H189: 69 | I189: ALCANZÓ VACANTE
A190: 9 | B190: 45401537 | C190: MARCHENA CAICAY FABIOLA MARDELI | D190: fabiomardelly@gmail.com | E190: 943749457 | F190: MAESTRIA | G190: Ciencias de la Educación con mención en Docencia y Gestión Universitaria | H190: 68.5 | I190: ALCANZÓ VACANTE
A191: 10 | B191: 47660655 | C191: RAMIREZ RAMIREZ LEIDY RUTH | D191: leidycomunicaciones20@gmail.com | E191: 969945719 | F191: MAESTRIA | G191: Ciencias de la Educación con mención en Docencia y Gestión Universitaria | H191: 68.5 | I191: ALCANZÓ VACANTE
A192: 11 | B192: 47289823 | C192: IZQUIERDO ZELADA GIANMARCOS | D192: ing.izquierdozeladagianmarcos@gmail.com | E192: 949630670 | F192: MAESTRIA | G192: Ciencias de la Educación con mención en Docencia y Gestión Universitaria | H192: 68.2 | I192: ALCANZÓ VACANTE
A193: 12 | B193: 70473446 | C193: CASTILLO OROZCO JUAN MANUEL | D193: manuco010198@gmail.com | E193: 981228668 | F193: MAESTRIA | G193: Ciencias de la Educación con mención en Docencia y Gestión Universitaria | H193: 68 | I193: ALCANZÓ VACANTE
A194: 13 | B194: 60893958 | C194: GUTIERREZ BALTAZAR LIZETH MARGOTH | D194: liz.got7.miracle@gmail.com | E194: 930738695 | F194: MAESTRIA | G194: Ciencias de la Educación con mención en Docencia y Gestión Universitaria | H194: 68 | I194: ALCANZÓ VACANTE
A195: 14 | B195: 72482012 | C195: SOSA RUBIÑOS MAITE NAYELI DEL MILAGRO | D195: Msosar@unprg.edu.pe | E195: 920737473 | F195: MAESTRIA | G195: Ciencias de la Educación con mención en Docencia y Gestión Universitaria | H195: 68 | I195: ALCANZÓ VACANTE
A196: 15 | B196: 46043232 | C196: VENTURA CARDENAS CELESTE LIZETH | D196: celestelizethventuracardenas@gmail.com | E196: 933961193 | F196: MAESTRIA | G196: Ciencias de la Educación con mención en Docencia y Gestión Universitaria | H196: 67.9 | I196: ALCANZÓ VACANTE
... A220: 39 | B220: 16774611 | C220: DAMIAN ESPINO JULIO EDGAR | D220: jdaviddamian2803@gmail.com | E220: 952809556 | F220: MAESTRIA | G220: Ciencias de la Educación con mención en Docencia y Gestión Universitaria | H220: 55.8 | I220: ALCANZÓ VACANTE
A221: 40 | B221: 02843308 | C221: JIMENEZ LIVIA CRUZALINA | D221: cjimenezl@unprg.edu.pe | E221: 963128554 | F221: MAESTRIA | G221: Ciencias de la Educación con mención en Docencia y Gestión Universitaria | H221: 55.7 | I221: ALCANZÓ VACANTE
A222: 41 | B222: 08385207 | C222: CALVAY ORTIZ MANUEL ANTONIO | D222: ak_1917@hotmail.com | E222: 975618503 | F222: MAESTRIA | G222: Ciencias de la Educación con mención en Docencia y Gestión Universitaria | H222: 55 | I222: ALCANZÓ VACANTE
A223: 42 | B223: 16691936 | C223: SOLANO HURTADO JESSY | D223: jessysolano2017@gmail.com | E223: 979410962 | F223: MAESTRIA | G223: Ciencias de la Educación con mención en Docencia y Gestión Universitaria | H223: 52.8 | I223: ALCANZÓ VACANTE
A224: 43 | B224: 72523216 | C224: CERNA BECERRA YENNIFFER LIONELA | D224: leonelab862@gmail.com | E224: 936244503 | F224: MAESTRIA | G224: Ciencias de la Educación con mención en Docencia y Gestión Universitaria | H224: 52 | I224: ALCANZÓ VACANTE
A225: 44 | B225: 42870365 | C225: MILIAN PEREZ RENE DEL PILAR | D225: rene20milian@gmail.com | E225: 962179687 | F225: MAESTRIA | G225: Ciencias de la Educación con mención en Docencia y Gestión Universitaria | H225: 51 | I225: ALCANZÓ VACANTE
A226: 45 | B226: 70800189 | C226: GONZALES ZAPATA ROSA ESTELA | D226: gonzaleszapatar1@gmail.com | E226: 989562762 | F226: MAESTRIA | G226: Ciencias de la Educación con mención en Docencia y Gestión Universitaria | H226: 3 | I226: NO ALCANZÓ VACANTE
A227: 46 | B227: 76371544 | C227: DIAZ FERNANDEZ ROYNER ADERSON | D227: royneradersondiazfernandez@gmail.com | E227: 945880578 | F227: MAESTRIA | G227: Ciencias de la Educación con mención en Docencia y Gestión Universitaria | H227: 0 | I227: NO ALCANZÓ VACANTE
A228: 1 | B228: 72928145 | C228: VELEZ HUERTAS RICARDO FABRICIO | D228: rvelezh@unprg.edu.pe | E228: 983846148 | F228: MAESTRIA | G228: Ciencias Sociales con mención en Gestión Pública y Gerencia Social | H228: 77.3 | I228: ALCANZÓ VACANTE
A229: 2 | B229: 70840720 | C229: CALMET VILLEGAS CARLOS GUILLERMO | D229: carloscalmet25@gmail.com | E229: 992278663 | F229: MAESTRIA | G229: Ciencias Sociales con mención en Gestión Pública y Gerencia Social | H229: 75.6 | I229: ALCANZÓ VACANTE
A230: 3 | B230: 42062400 | C230: PACHERRES ALCANTARA INGRID OLGA | D230: ipacherresalcantara@gmail.com | E230: 996617036 | F230: MAESTRIA | G230: Ciencias Sociales con mención en Gestión Pública y Gerencia Social | H230: 74 | I230: ALCANZÓ VACANTE
A231: 4 | B231: 45038251 | C231: CUMPA PUICAN JUAN KAROLL | D231: cumpap.juan@gmail.com | E231: 939080978 | F231: MAESTRIA | G231: Ciencias Sociales con mención en Gestión Pública y Gerencia Social | H231: 73.5 | I231: ALCANZÓ VACANTE
A232: 5 | B232: 43734675 | C232: BUSTAMANTE AQUINO JOSÉ ANTONIO | D232: joseantonito2646@gmail.com | E232: 950796249 | F232: MAESTRIA | G232: Ciencias Sociales con mención en Gestión Pública y Gerencia Social | H232: 70.2 | I232: ALCANZÓ VACANTE
A233: 6 | B233: 71415312 | C233: ALTAMIRANO CUSMA EDSON DANIEL | D233: edsondaniel2003@gmail.com | E233: 979541769 | F233: MAESTRIA | G233: Ciencias Sociales con mención en Gestión Pública y Gerencia Social | H233: 68.6 | I233: ALCANZÓ VACANTE
A234: 7 | B234: 45907492 | C234: DAVILA BELLODAS KATYA FIORELLA | D234: katya_davila@hotmail.com | E234: 979014146 | F234: MAESTRIA | G234: Ciencias Sociales con mención en Gestión Pública y Gerencia Social | H234: 68.5 | I234: ALCANZÓ VACANTE
... A285: 21 | B285: 42056550 | C285: CABANILLAS CIEZA CLAUDIA CRISTINA | D285: c.cabanillasclaudiacristina@gmail.com | E285: 923296753 | F285: MAESTRIA | G285: Ciencias de la Educación con mención en Investigación y Docencia | H285: 53 | I285: ALCANZÓ VACANTE
A286: 22 | B286: 03700601 | C286: VEGA MIRES ESPERANZA | D286: esperanzavegam72@gmail.com | E286: 928685358 | F286: MAESTRIA | G286: Ciencias de la Educación con mención en Investigación y Docencia | H286: 51.3 | I286: ALCANZÓ VACANTE
A287: 23 | B287: 44617382 | C287: SALAZAR CHERO ROSA LILIANA | D287: rsalazarch@unprg.edu.pe | E287: 950015958 | F287: MAESTRIA | G287: Ciencias de la Educación con mención en Investigación y Docencia | H287: 3.8 | I287: NO ALCANZÓ VACANTE
A288: 24 | B288: 46153917 | C288: ACOSTA QUIROZ LUCIA MARIELA | D288: aluciamariela@gmail.com | E288: 962897813 | F288: MAESTRIA | G288: Ciencias de la Educación con mención en Investigación y Docencia | H288: 0 | I288: NO ALCANZÓ VACANTE
A289: 54 | B289: 40564392 | C289: CORREA CHILON DAVID GEREMIAS | D289: david.correa@gmail.com | E289: 922210488 | F289: DOCTORADO | G289: Ciencias de la Educación | H289: 84.5 | I289: ALCANZÓ VACANTE
A290: 60 | B290: 16676613 | C290: MIRANDA VILCHEZ WALTER ABEL | D290: waltermv37@gmail.com | E290: 965197190 | F290: DOCTORADO | G290: Ciencias de la Educación | H290: 83 | I290: ALCANZÓ VACANTE
A291: 53 | B291: 70060478 | C291: CIEZA PEÑA CARLOS ALBERTO | D291: CACIEZA@GMAIL.COM | E291: 951538062 | F291: DOCTORADO | G291: Ciencias de la Educación | H291: 82 | I291: ALCANZÓ VACANTE
A292: 62 | B292: 16656814 | C292: NIÑO MONTERO NANCY | D292: nnino@unprg.edu.pe | E292: 979618370 | F292: DOCTORADO | G292: Ciencias de la Educación | H292: 81 | I292: ALCANZÓ VACANTE
A293: 66 | B293: 16719569 | C293: TEPE ATOCHE VICTOR MANUEL | D293: cobrepsa@gmail.com | E293: 943855088 | F293: DOCTORADO | G293: Ciencias de la Educación | H293: 80.8 | I293: ALCANZÓ VACANTE
A294: 57 | B294: 45695320 | C294: CUZQUEN YOCYA SARA RANDY DELIACIR | D294: cyocyasarita@gmail.com | E294: 949529017 | F294: DOCTORADO | G294: Ciencias de la Educación | H294: 80 | I294: ALCANZÓ VACANTE
A295: 48 | B295: 19219053 | C295: AMAMBAL PAUCAR JOSE HUMBERTO | D295: jamambalp@gmail.com | E295: 971049145 | F295: DOCTORADO | G295: Ciencias de la Educación | H295: 78.5 | I295: ALCANZÓ VACANTE
A296: 59 | B296: 71291418 | C296: MARTINEZ FERNANDEZ MARIA DEL PILAR | D296: mmartinezfe@unprg.edu.pe | E296: 937361416 | F296: DOCTORADO | G296: Ciencias de la Educación | H296: 77.5 | I296: ALCANZÓ VACANTE
A297: 50 | B297: 43674308 | C297: BUSTAMANTE CERNA DAVID | D297: dbustamantece@unprg.edu.pe | E297: 979784034 | F297: DOCTORADO | G297: Ciencias de la Educación | H297: 76 | I297: ALCANZÓ VACANTE
A298: 58 | B298: 17451203 | C298: DELGADO NAMUCHE KATTY ADELAIDA | D298: c21721@utp.edu.pe | E298: 968092042 | F298: DOCTORADO | G298: Ciencias de la Educación | H298: 75.7 | I298: ALCANZÓ VACANTE
... A326: 18 | B326: 25869444 | C326: MAGALLANES FLORES ANGELICA MILAGROS | D326: mmagallanesflores99@gmail.com | E326: 929296574 | F326: SEGUNDA ESPECIALIDAD PROFESIONAL | G326: Microbiología Clínica | H326: 64.2 | I326: ALCANZÓ VACANTE
A327: 19 | B327: 02811678 | C327: OCAMPOS SEMBRERA MIGUEL ANGEL | D327: knchq@hotmail.com | E327: 968054988 | F327: SEGUNDA ESPECIALIDAD PROFESIONAL | G327: Microbiología Clínica | H327: 63 | I327: ALCANZÓ VACANTE
A328: 1 | B328: 16707822 | C328: QUIROZ VILLALOBOS NILTON CESAR | D328: rasecqv@hotmail.com | E328: 949694371 | F328: MAESTRIA | G328: Ciencias Veterinarias con Mención en Salud Animal | H328: 78 | I328: ALCANZÓ VACANTE
A329: 2 | B329: 44453453 | C329: RIMARACHIN MANAY CESAR | D329: cerimarachin@gmail.com | E329: 963522492 | F329: MAESTRIA | G329: Ciencias Veterinarias con Mención en Salud Animal | H329: 74.5 | I329: ALCANZÓ VACANTE
A330: 3 | B330: 46720707 | C330: SERQUEN ALARCON DENIS ROLANDO | D330: denis_sq2711@hotmail.com | E330: 960698218 | F330: MAESTRIA | G330: Ciencias Veterinarias con Mención en Salud Animal | H330: 72 | I330: ALCANZÓ VACANTE
A331: 4 | B331: 45437477 | C331: RETO CHAVARRY BRAULIO MARTIN JOSSMAR | D331: braulioreto8@gmail.com | E331: 979499826 | F331: MAESTRIA | G331: Ciencias Veterinarias con Mención en Salud Animal | H331: 69.7 | I331: ALCANZÓ VACANTE
A332: 5 | B332: 44314825 | C332: LLAJA LLONTOP DARWIN JAVIER | D332: djllaja03@gmail.com | E332: 995488843 | F332: MAESTRIA | G332: Ciencias Veterinarias con Mención en Salud Animal | H332: 65.7 | I332: ALCANZÓ VACANTE
A333: 6 | B333: 41923767 | C333: POLICARPIO CACHAY MILTON ABELARDO | D333: miltonpc123@gmail.com | E333: 990382651 | F333: MAESTRIA | G333: Ciencias Veterinarias con Mención en Salud Animal | H333: 64.9 | I333: ALCANZÓ VACANTE
A334: 7 | B334: 45016415 | C334: LUCENA GABRIELLI JORGE LUIS | D334: jlucenagabrielli@gmail.com | E334: 968043708 | F334: MAESTRIA | G334: Ciencias Veterinarias con Mención en Salud Animal | H334: 64.5 | I334: ALCANZÓ VACANTE
A335: 8 | B335: 46528893 | C335: VILCHERRES ORTIZ CYNTHIA ELVA | D335: cynthiavilor@gmail.com | E335: 920190315 | F335: MAESTRIA | G335: Ciencias Veterinarias con Mención en Salud Animal | H335: 63.4 | I335: ALCANZÓ VACANTE
A336: 9 | B336: 41379898 | C336: BARRUETO FALEN MIGUEL ARTURO | D336: miguelbarrueto777@gmail.com | E336: 990935504 | F336: MAESTRIA | G336: Ciencias Veterinarias con Mención en Salud Animal | H336: 63 | I336: ALCANZÓ VACANTE
A337: 10 | B337: 44685921 | C337: MURO VALLADARES MIGUEL OSMAR | D337: muromiguel0212@gmail.com | E337: 943732547 | F337: MAESTRIA | G337: Ciencias Veterinarias con Mención en Salud Animal | H337: 63 | I337: ALCANZÓ VACANTE
A338: 11 | B338: 41600624 | C338: GUZMAN DIAZ OLIVER DANIEL | D338: oliverdaniel.guzmandiaz@gmail.com | E338: 968239466 | F338: MAESTRIA | G338: Ciencias Veterinarias con Mención en Salud Animal | H338: 62.7 | I338: ALCANZÓ VACANTE
A339: 12 | B339: 48318009 | C339: GONZALES LIZANA CAROLAY DAYANA | D339: carolaygonzales94@gmail.com | E339: 978878772 | F339: MAESTRIA | G339: Ciencias Veterinarias con Mención en Salud Animal | H339: 61 | I339: ALCANZÓ VACANTE
... A358: 12 | B358: 41160658 | C358: ROJAS BARBOZA JOHN HAROLD | D358: john.rojas.barboza1981@gmail.com | E358: 936903797 | F358: MAESTRIA | G358: Ciencias Agrarias con mención en Agroexportación Sostenible | H358: 68.5 | I358: ALCANZÓ VACANTE
A359: 13 | B359: 09796909 | C359: ZUÑE MONTALVO EULER WILFREDO | D359: gerenciageneral@alimentaperu.pe | E359: 905441358 | F359: MAESTRIA | G359: Ciencias Agrarias con mención en Agroexportación Sostenible | H359: 68.5 | I359: ALCANZÓ VACANTE
A360: 14 | B360: 40366179 | C360: RODAS HUERTAS ELI HUBER | D360: rodashuertase@gmail.com | E360: 926294937 | F360: MAESTRIA | G360: Ciencias Agrarias con mención en Agroexportación Sostenible | H360: 68.2 | I360: ALCANZÓ VACANTE
A361: 15 | B361: 47515394 | C361: BENAVIDES RODRIGUEZ EXEQUIEL | D361: exe_berodri@hotmail.com | E361: 976003092 | F361: MAESTRIA | G361: Ciencias Agrarias con mención en Agroexportación Sostenible | H361: 67 | I361: ALCANZÓ VACANTE
A362: 16 | B362: 48042572 | C362: VENTURA SUCLUPE JUAN JOSE | D362: juanjoseventurasuclupe@gmail.com | E362: 968408629 | F362: MAESTRIA | G362: Ciencias Agrarias con mención en Agroexportación Sostenible | H362: 67 | I362: ALCANZÓ VACANTE
A363: 17 | B363: 80612579 | C363: LLONTOP EFFIO YAJAHIRA LORENA | D363: yllontopee@gmail.com | E363: 996187265 | F363: MAESTRIA | G363: Ciencias Agrarias con mención en Agroexportación Sostenible | H363: 66.6 | I363: ALCANZÓ VACANTE
A364: 18 | B364: 75879465 | C364: FARROÑAN VALDERA CINTHIA ROXANA | D364: farronanvalderacinthia@gmail.com | E364: 935563100 | F364: MAESTRIA | G364: Ciencias Agrarias con mención en Agroexportación Sostenible | H364: 65.6 | I364: ALCANZÓ VACANTE
A365: 19 | B365: 16718184 | C365: MEGO SANTISTEBAN LETICIA LUCILA | D365: aruba_llm@hotmail.com | E365: 914244340 | F365: MAESTRIA | G365: Ciencias Agrarias con mención en Agroexportación Sostenible | H365: 62.4 | I365: ALCANZÓ VACANTE
A366: 20 | B366: 42707881 | C366: LLAUCE SANTAMARIA VICTOR GENARO | D366: a_driano22@hotmail.com | E366: 977177076 | F366: MAESTRIA | G366: Ciencias Agrarias con mención en Agroexportación Sostenible | H366: 61 | I366: ALCANZÓ VACANTE
A367: 21 | B367: 75475198 | C367: PINGLO PEÑA MARTHA TATIANA | D367: taty_0126_1997@hotmail.com | E367: 934195823 | F367: MAESTRIA | G367: Ciencias Agrarias con mención en Agroexportación Sostenible | H367: 57.8 | I367: ALCANZÓ VACANTE
A368: 1 | B368: 45810268 | C368: CORONEL GUEVARA AURORA DEL ROCIO | D368: acoronelgu@unprg.edu.pe | E368: 979109191 | F368: MAESTRIA | G368: Manejo Sostenible de Suelos | H368: 83 | I368: ALCANZÓ VACANTE
A369: 2 | B369: 47373478 | C369: VASQUEZ SILVA PERSI | D369: persi_0922@hotmail.com | E369: 954693044 | F369: MAESTRIA | G369: Manejo Sostenible de Suelos | H369: 80.3 | I369: ALCANZÓ VACANTE
A370: 3 | B370: 44842913 | C370: MOYANO MUÑOZ CARLOS ALBERTO | D370: cmoyano@agrosimesd.com | E370: 923026775 | F370: MAESTRIA | G370: Manejo Sostenible de Suelos | H370: 79.6 | I370: ALCANZÓ VACANTE
A371: 4 | B371: 40021177 | C371: RUBIO RAMIREZ DERMALI | D371: dermali5060@gmail.com | E371: 925812685 | F371: MAESTRIA | G371: Manejo Sostenible de Suelos | H371: 78.5 | I371: ALCANZÓ VACANTE
A372: 5 | B372: 02626994 | C372: GALECIO JULCA MIGUEL ANGEL | D372: mgalecioj@unp.edu.pe | E372: 969268674 | F372: MAESTRIA | G372: Manejo Sostenible de Suelos | H372: 78.2 | I372: ALCANZÓ VACANTE
A373: 6 | B373: 44249936 | C373: COTRINA VELASQUEZ LUIS MIGUEL | D373: luis16_575@hotmail.com | E373: 979066416 | F373: MAESTRIA | G373: Manejo Sostenible de Suelos | H373: 77.5 | I373: ALCANZÓ VACANTE
A374: 7 | B374: 46558332 | C374: DIAZ ARTEAGA YHEYSON | D374: ydiazar@unprg.edu.pe | E374: 940990391 | F374: MAESTRIA | G374: Manejo Sostenible de Suelos | H374: 76.6 | I374: ALCANZÓ VACANTE
A375: 8 | B375: 77355069 | C375: CAMPOS CHAVEZ YANILA ISABEL | D375: ycamposc@unprg.edu.pe | E375: 948721925 | F375: MAESTRIA | G375: Manejo Sostenible de Suelos | H375: 75 | I375: ALCANZÓ VACANTE
A376: 9 | B376: 09304638 | C376: SCHWARTZ AGUILAR NECTALIO JESUS | D376: jesuschwartz@gmail.com | E376: 918567044 | F376: MAESTRIA | G376: Manejo Sostenible de Suelos | H376: 73.9 | I376: ALCANZÓ VACANTE
A377: 10 | B377: 41203836 | C377: VASQUEZ SANCHEZ JHONNY ALBERTO | D377: jhonni_82@hotmail.com | E377: 979114738 | F377: MAESTRIA | G377: Manejo Sostenible de Suelos | H377: 72 | I377: ALCANZÓ VACANTE
A378: 11 | B378: 42091229 | C378: HUMBO LIMA JOSE ANIBAL | D378: jaul20@gmail.com | E378: 969032110 | F378: MAESTRIA | G378: Manejo Sostenible de Suelos | H378: 71.4 | I378: ALCANZÓ VACANTE
A379: 12 | B379: 72044190 | C379: HURTADO ROJAS LUIS NOLBERTO | D379: lhurtador@unprg.edu.pe | E379: 923655551 | F379: MAESTRIA | G379: Manejo Sostenible de Suelos | H379: 70.6 | I379: ALCANZÓ VACANTE
A380: 13 | B380: 75796634 | C380: SANCHEZ DIAZ DELVIS | D380: dsanchezd@unprg.edu.pe | E380: 963591442 | F380: MAESTRIA | G380: Manejo Sostenible de Suelos | H380: 69.2 | I380: ALCANZÓ VACANTE
A381: 14 | B381: 71643302 | C381: AVILA ACOSTA CHRISTIAN ARTURO | D381: christianavilaacosta.0425@gmail.com | E381: 993645001 | F381: MAESTRIA | G381: Manejo Sostenible de Suelos | H381: 68.6 | I381: ALCANZÓ VACANTE
A382: 15 | B382: 41891142 | C382: CHAFLOQUE MONTENEGRO VICTORIA | D382: victoriachm@gmail.com | E382: 943873493 | F382: MAESTRIA | G382: Manejo Sostenible de Suelos | H382: 67.4 | I382: ALCANZÓ VACANTE
A383: 16 | B383: 75397174 | C383: SAMAJEN JUWAG ELIO | D383: samajen1912@gmail.com | E383: 962072750 | F383: MAESTRIA | G383: Manejo Sostenible de Suelos | H383: 66 | I383: ALCANZÓ VACANTE
A384: 17 | B384: 16688080 | C384: BALLENA CUZMA ELIBERTO | D384: ebcuzma@gmail.com | E384: 946922965 | F384: MAESTRIA | G384: Manejo Sostenible de Suelos | H384: 54 | I384: ALCANZÓ VACANTE
A385: 18 | B385: 70822466 | C385: CHILCON MONTENEGRO WILBER | D385: Wchilcon@unprg.edu.pe | E385: 930151853 | F385: MAESTRIA | G385: Manejo Sostenible de Suelos | H385: 48.9 | I385: ALCANZÓ VACANTE
A386: 19 | B386: 47825525 | C386: SEGURA DIAZ MARIO KEVIN | D386: kevin_agrosun@hotmail.com | E386: 947521209 | F386: MAESTRIA | G386: Manejo Sostenible de Suelos | H386: 4.6 | I386: NO ALCANZÓ VACANTE
...

Sheet INGRESANTES
A1: NRO | B1: TIPO | C1: DNI | D1: APELLIDOS Y NOMBRES COMPLETO | E1: APELLIDOS_NOMBRES | F1: APELLIDO_PAT | G1: APELLIDO_MAT | H1: NOMBRES | I1: CORREO | J1: CORREO_UNPRG | K1: CELULAR | L1: GRADO | M1: PROGRAMA | N1: NOTA FINAL | O1: SITUACIÓN
A2: 1 | B2: AL | C2: 75363208 | D2: LLAMO DIAZ NELSON JOSUE | E2: LLAMO DIAZ, NELSON JOSUE | F2: LLAMO | G2: DIAZ | H2: NELSON JOSUE | I2: nejlld25@gmail.com | J2: @UNPRG.EDU.PE | K2: 955850651 | L2: MAESTRIA | M2: Ciencias con mención en Ingeniería Hidráulica | N2: 80.5 | O2: ALCANZÓ VACANTE
A3: 2 | B3: AL | C3: 44666269 | D3: SILVA DELGADO GHIERALD ELOY | E3: SILVA DELGADO, GHIERALD ELOY | F3: SILVA | G3: DELGADO | H3: GHIERALD ELOY | I3: silvaagricola0406@gmail.com | J3: @UNPRG.EDU.PE | K3: 926186587 | L3: MAESTRIA | M3: Ciencias con mención en Ingeniería Hidráulica | N3: 74.5 | O3: ALCANZÓ VACANTE
A4: 3 | B4: AL | C4: 71491689 | D4: CIEZA HERRERA IVAN MARCELO | E4: CIEZA HERRERA, IVAN MARCELO | F4: CIEZA | G4: HERRERA | H4: IVAN MARCELO | I4: ivanciencias13@gmail.com | J4: @UNPRG.EDU.PE | K4: 968750910 | L4: MAESTRIA | M4: Ciencias con mención en Ingeniería Hidráulica | N4: 74 | O4: ALCANZÓ VACANTE
A5: 4 | B5: AL | C5: 73462669 | D5: SAUCEDO LINARES CRISTIAN YOMAR | E5: SAUCEDO LINARES, CRISTIAN YOMAR | F5: SAUCEDO | G5: LINARES | H5: CRISTIAN YOMAR | I5: cristiansaucedolinares10@gmail.com | J5: @UNPRG.EDU.PE | K5: 975609988 | L5: MAESTRIA | M5: Ciencias con mención en Ingeniería Hidráulica | N5: 74 | O5: ALCANZÓ VACANTE
A6: 5 | B6: AL | C6: 71396806 | D6: ARBOLEDA IMAN JUAN MANUEL | E6: ARBOLEDA IMAN, JUAN MANUEL | F6: ARBOLEDA | G6: IMAN | H6: JUAN MANUEL | I6: juanarboledai1996@gmail.com | J6: @UNPRG.EDU.PE | K6: 972026173 | L6: MAESTRIA | M6: Ciencias con mención en Ingeniería Hidráulica | N6: 73.5 | O6: ALCANZÓ VACANTE
A7: 6 | B7: AL | C7: 43111414 | D7: AREVALO CORONEL RAUL JOEL | E7: AREVALO CORONEL, RAUL JOEL | F7: AREVALO | G7: CORONEL | H7: RAUL JOEL | I7: rauljac86@outlook.com | J7: @UNPRG.EDU.PE | K7: 939737207 | L7: MAESTRIA | M7: Ciencias con mención en Ingeniería Hidráulica | N7: 72.5 | O7: ALCANZÓ VACANTE
A8: 7 | B8: AL | C8: 60258953 | D8: GUEVARA PORTILLO FRANCO DAVID | E8: GUEVARA PORTILLO, FRANCO DAVID | F8: GUEVARA | G8: PORTILLO | H8: FRANCO DAVID | I8: francod.gp@gmail.com | J8: @UNPRG.EDU.PE | K8: 990453660 | L8: MAESTRIA | M8: Ciencias con mención en Ingeniería Hidráulica | N8: 72.5 | O8: ALCANZÓ VACANTE
A9: 8 | B9: AL | C9: 73025102 | D9: OJEDA CAPUÑAY RENZO PAOLO | E9: OJEDA CAPUÑAY, RENZO PAOLO | F9: OJEDA | G9: CAPUÑAY | H9: RENZO PAOLO | I9: renzo_ojeda_0304@outlook.com | J9: @UNPRG.EDU.PE | K9: 963584802 | L9: MAESTRIA | M9: Ciencias con mención en Ingeniería Hidráulica | N9: 72.5 | O9: ALCANZÓ VACANTE
A10: 9 | B10: AL | C10: 75720372 | D10: HUAYTALLA YARANGA JOSE LUIS | E10: HUAYTALLA YARANGA, JOSE LUIS | F10: HUAYTALLA | G10: YARANGA | H10: JOSE LUIS | I10: jose.huaytalla21@gmail.com | J10: @UNPRG.EDU.PE | K10: 941361826 | L10: MAESTRIA | M10: Ciencias con mención en Ingeniería Hidráulica | N10: 72 | O10: ALCANZÓ VACANTE
A11: 10 | B11: AL | C11: 46135037 | D11: SAAVEDRA RUIZ AQUILES | E11: SAAVEDRA RUIZ, AQUILES | F11: SAAVEDRA | G11: RUIZ | H11: AQUILES | I11: aquiles_sr4@hotmail.com | J11: @UNPRG.EDU.PE | K11: 918313510 | L11: MAESTRIA | M11: Ciencias con mención en Ingeniería Hidráulica | N11: 70 | O11: ALCANZÓ VACANTE
A12: 11 | B12: AL | C12: 48199611 | D12: MANAYAY MANAYAY JOSELITO | E12: MANAYAY MANAYAY, JOSELITO | F12: MANAYAY | G12: MANAYAY | H12: JOSELITO | I12: jmanayaym@hotmail.com | J12: @UNPRG.EDU.PE | K12: 925882492 | L12: MAESTRIA | M12: Ciencias con mención en Ingeniería Hidráulica | N12: 68.5 | O12: ALCANZÓ VACANTE
A13: 12 | B13: AL | C13: 73514125 | D13: DE LA CRUZ DE LA CRUZ LUIS ARMANDO | E13: DE LA CRUZ DE LA CRUZ, LUIS ARMANDO | F13: DE LA CRUZ | G13: DE LA CRUZ | H13: LUIS ARMANDO | I13: luisdelacruz1409@gmail.com | J13: @UNPRG.EDU.PE | K13: 973854830 | L13: MAESTRIA | M13: Ciencias con mención en Ingeniería Hidráulica | N13: 67.5 | O13: ALCANZÓ VACANTE
... A168: 167 | B168: AL | C168: 73262781 | D168: CHINCHAYAN BARRENECHEA MARIO JESUS | E168: CHINCHAYAN BARRENECHEA, MARIO JESUS | F168: CHINCHAYAN | G168: BARRENECHEA | H168: MARIO JESUS | I168: mariojcb1910@gmail.com | J168: @UNPRG.EDU.PE | K168: 910201305 | L168: MAESTRIA | M168: Ciencias de la Educación con mención en Docencia y Gestión Universitaria | N168: 71.9 | O168: ALCANZÓ VACANTE
A169: 168 | B169: AL | C169: 03886801 | D169: VELASQUEZ SAAVEDRA ROGER JAVIER | E169: VELASQUEZ SAAVEDRA, ROGER JAVIER | F169: VELASQUEZ | G169: SAAVEDRA | H169: ROGER JAVIER | I169: rogervelasquezsaavedra@gmail.com | J169: @UNPRG.EDU.PE | K169: 947495718 | L169: MAESTRIA | M169: Ciencias de la Educación con mención en Docencia y Gestión Universitaria | N169: 71.9 | O169: ALCANZÓ VACANTE
A170: 169 | B170: AL | C170: 47248891 | D170: SAAVEDRA AGUILAR RAUL CRISTHIAN | E170: SAAVEDRA AGUILAR, RAUL CRISTHIAN | F170: SAAVEDRA | G170: AGUILAR | H170: RAUL CRISTHIAN | I170: raulcristhians@gmail.com | J170: @UNPRG.EDU.PE | K170: 940115835 | L170: MAESTRIA | M170: Ciencias de la Educación con mención en Docencia y Gestión Universitaria | N170: 71 | O170: ALCANZÓ VACANTE
A171: 170 | B171: AL | C171: 43984489 | D171: ASALDE YUPTON MIGUEL ANGEL | E171: ASALDE YUPTON, MIGUEL ANGEL | F171: ASALDE | G171: YUPTON | H171: MIGUEL ANGEL | I171: masalde@unprg.edu.pe | J171: @UNPRG.EDU.PE | K171: 928228502 | L171: MAESTRIA | M171: Ciencias de la Educación con mención en Docencia y Gestión Universitaria | N171: 70.5 | O171: ALCANZÓ VACANTE
A172: 171 | B172: AL | C172: 71077059 | D172: CHUMIOQUE CHARCAPE MYRIAN JESUS | E172: CHUMIOQUE CHARCAPE, MYRIAN JESUS | F172: CHUMIOQUE | G172: CHARCAPE | H172: MYRIAN JESUS | I172: miriam04leo@gmail.com | J172: @UNPRG.EDU.PE | K172: 936794282 | L172: MAESTRIA | M172: Ciencias de la Educación con mención en Docencia y Gestión Universitaria | N172: 69.9 | O172: ALCANZÓ VACANTE
A173: 172 | B173: AL | C173: 72023455 | D173: ADRIANZEN FLORES JEAN MARCOS | E173: ADRIANZEN FLORES, JEAN MARCOS | F173: ADRIANZEN | G173: FLORES | H173: JEAN MARCOS | I173: jeanmarcosadrianzenflores@gmail.com | J173: @UNPRG.EDU.PE | K173: 926104720 | L173: MAESTRIA | M173: Ciencias de la Educación con mención en Docencia y Gestión Universitaria | N173: 69.1 | O173: ALCANZÓ VACANTE
A174: 173 | B174: AL | C174: 44197041 | D174: ZEÑA SAMPEN JOSE ERNESTO | E174: ZEÑA SAMPEN, JOSE ERNESTO | F174: ZEÑA | G174: SAMPEN | H174: JOSE ERNESTO | I174: ernestozena@gmail.com | J174: @UNPRG.EDU.PE | K174: 966243348 | L174: MAESTRIA | M174: Ciencias de la Educación con mención en Docencia y Gestión Universitaria | N174: 69 | O174: ALCANZÓ VACANTE
A175: 174 | B175: AL | C175: 45401537 | D175: MARCHENA CAICAY FABIOLA MARDELI | E175: MARCHENA CAICAY, FABIOLA MARDELI | F175: MARCHENA | G175: CAICAY | H175: FABIOLA MARDELI | I175: fabiomardelly@gmail.com | J175: @UNPRG.EDU.PE | K175: 943749457 | L175: MAESTRIA | M175: Ciencias de la Educación con mención en Docencia y Gestión Universitaria | N175: 68.5 | O175: ALCANZÓ VACANTE
A176: 175 | B176: AL | C176: 47660655 | D176: RAMIREZ RAMIREZ LEIDY RUTH | E176: RAMIREZ RAMIREZ, LEIDY RUTH | F176: RAMIREZ | G176: RAMIREZ | H176: LEIDY RUTH | I176: leidycomunicaciones20@gmail.com | J176: @UNPRG.EDU.PE | K176: 969945719 | L176: MAESTRIA | M176: Ciencias de la Educación con mención en Docencia y Gestión Universitaria | N176: 68.5 | O176: ALCANZÓ VACANTE
A177: 176 | B177: AL | C177: 47289823 | D177: IZQUIERDO ZELADA GIANMARCOS | E177: IZQUIERDO ZELADA, GIANMARCOS | F177: IZQUIERDO | G177: ZELADA | H177: GIANMARCOS | I177: ing.izquierdozeladagianmarcos@gmail.com | J177: @UNPRG.EDU.PE | K177: 949630670 | L177: MAESTRIA | M177: Ciencias de la Educación con mención en Docencia y Gestión Universitaria | N177: 68.2 | O177: ALCANZÓ VACANTE
A178: 177 | B178: AL | C178: 70473446 | D178: CASTILLO OROZCO JUAN MANUEL | E178: CASTILLO OROZCO, JUAN MANUEL | F178: CASTILLO | G178: OROZCO | H178: JUAN MANUEL | I178: manuco010198@gmail.com | J178: @UNPRG.EDU.PE | K178: 981228668 | L178: MAESTRIA | M178: Ciencias de la Educación con mención en Docencia y Gestión Universitaria | N178: 68 | O178: ALCANZÓ VACANTE
A179: 178 | B179: AL | C179: 60893958 | D179: GUTIERREZ BALTAZAR LIZETH MARGOTH | E179: GUTIERREZ BALTAZAR, LIZETH MARGOTH | F179: GUTIERREZ | G179: BALTAZAR | H179: LIZETH MARGOTH | I179: liz.got7.miracle@gmail.com | J179: @UNPRG.EDU.PE | K179: 930738695 | L179: MAESTRIA | M179: Ciencias de la Educación con mención en Docencia y Gestión Universitaria | N179: 68 | O179: ALCANZÓ VACANTE
A180: 179 | B180: AL | C180: 72482012 | D180: SOSA RUBIÑOS MAITE NAYELI DEL MILAGRO | E180: SOSA RUBIÑOS, MAITE NAYELI DEL MILAGRO | F180: SOSA | G180: RUBIÑOS | H180: MAITE NAYELI DEL MILAGRO | I180: Msosar@unprg.edu.pe | J180: @UNPRG.EDU.PE | K180: 920737473 | L180: MAESTRIA | M180: Ciencias de la Educación con mención en Docencia y Gestión Universitaria | N180: 68 | O180: ALCANZÓ VACANTE
A181: 180 | B181: AL | C181: 46043232 | D181: VENTURA CARDENAS CELESTE LIZETH | E181: VENTURA CARDENAS, CELESTE LIZETH | F181: VENTURA | G181: CARDENAS | H181: CELESTE LIZETH | I181: celestelizethventuracardenas@gmail.com | J181: @UNPRG.EDU.PE | K181: 933961193 | L181: MAESTRIA | M181: Ciencias de la Educación con mención en Docencia y Gestión Universitaria | N181: 67.9 | O181: ALCANZÓ VACANTE
... A205: 204 | B205: AL | C205: 16774611 | D205: DAMIAN ESPINO JULIO EDGAR | E205: DAMIAN ESPINO, JULIO EDGAR | F205: DAMIAN | G205: ESPINO | H205: JULIO EDGAR | I205: jdaviddamian2803@gmail.com | J205: @UNPRG.EDU.PE | K205: 952809556 | L205: MAESTRIA | M205: Ciencias de la Educación con mención en Docencia y Gestión Universitaria | N205: 55.8 | O205: ALCANZÓ VACANTE
A206: 205 | B206: AL | C206: 02843308 | D206: JIMENEZ LIVIA CRUZALINA | E206: JIMENEZ LIVIA, CRUZALINA | F206: JIMENEZ | G206: LIVIA | H206: CRUZALINA | I206: cjimenezl@unprg.edu.pe | J206: @UNPRG.EDU.PE | K206: 963128554 | L206: MAESTRIA | M206: Ciencias de la Educación con mención en Docencia y Gestión Universitaria | N206: 55.7 | O206: ALCANZÓ VACANTE
A207: 206 | B207: AL | C207: 08385207 | D207: CALVAY ORTIZ MANUEL ANTONIO | E207: CALVAY ORTIZ, MANUEL ANTONIO | F207: CALVAY | G207: ORTIZ | H207: MANUEL ANTONIO | I207: ak_1917@hotmail.com | J207: @UNPRG.EDU.PE | K207: 975618503 | L207: MAESTRIA | M207: Ciencias de la Educación con mención en Docencia y Gestión Universitaria | N207: 55 | O207: ALCANZÓ VACANTE
A208: 207 | B208: AL | C208: 16691936 | D208: SOLANO HURTADO JESSY | E208: SOLANO HURTADO, JESSY | F208: SOLANO | G208: HURTADO | H208: JESSY | I208: jessysolano2017@gmail.com | J208: @UNPRG.EDU.PE | K208: 979410962 | L208: MAESTRIA | M208: Ciencias de la Educación con mención en Docencia y Gestión Universitaria | N208: 52.8 | O208: ALCANZÓ VACANTE
A209: 208 | B209: AL | C209: 72523216 | D209: CERNA BECERRA YENNIFFER LIONELA | E209: CERNA BECERRA, YENNIFFER LIONELA | F209: CERNA | G209: BECERRA | H209: YENNIFFER LIONELA | I209: leonelab862@gmail.com | J209: @UNPRG.EDU.PE | K209: 936244503 | L209: MAESTRIA | M209: Ciencias de la Educación con mención en Docencia y Gestión Universitaria | N209: 52 | O209: ALCANZÓ VACANTE
A210: 209 | B210: AL | C210: 42870365 | D210: MILIAN PEREZ RENE DEL PILAR | E210: MILIAN PEREZ, RENE DEL PILAR | F210: MILIAN | G210: PEREZ | H210: RENE DEL PILAR | I210: rene20milian@gmail.com | J210: @UNPRG.EDU.PE | K210: 962179687 | L210: MAESTRIA | M210: Ciencias de la Educación con mención en Docencia y Gestión Universitaria | N210: 51 | O210: ALCANZÓ VACANTE
A211: 210 | B211: AL | C211: 72928145 | D211: VELEZ HUERTAS RICARDO FABRICIO | E211: VELEZ HUERTAS, RICARDO FABRICIO | F211: VELEZ | G211: HUERTAS | H211: RICARDO FABRICIO | I211: rvelezh@unprg.edu.pe | J211: @UNPRG.EDU.PE | K211: 983846148 | L211: MAESTRIA | M211: Ciencias Sociales con mención en Gestión Pública y Gerencia Social | N211: 77.3 | O211: ALCANZÓ VACANTE
A212: 211 | B212: AL | C212: 70840720 | D212: CALMET VILLEGAS CARLOS GUILLERMO | E212: CALMET VILLEGAS, CARLOS GUILLERMO | F212: CALMET | G212: VILLEGAS | H212: CARLOS GUILLERMO | I212: carloscalmet25@gmail.com | J212: @UNPRG.EDU.PE | K212: 992278663 | L212: MAESTRIA | M212: Ciencias Sociales con mención en Gestión Pública y Gerencia Social | N212: 75.6 | O212: ALCANZÓ VACANTE
A213: 212 | B213: AL | C213: 42062400 | D213: PACHERRES ALCANTARA INGRID OLGA | E213: PACHERRES ALCANTARA, INGRID OLGA | F213: PACHERRES | G213: ALCANTARA | H213: INGRID OLGA | I213: ipacherresalcantara@gmail.com | J213: @UNPRG.EDU.PE | K213: 996617036 | L213: MAESTRIA | M213: Ciencias Sociales con mención en Gestión Pública y Gerencia Social | N213: 74 | O213: ALCANZÓ VACANTE
A214: 213 | B214: AL | C214: 45038251 | D214: CUMPA PUICAN JUAN KAROLL | E214: CUMPA PUICAN, JUAN KAROLL | F214: CUMPA | G214: PUICAN | H214: JUAN KAROLL | I214: cumpap.juan@gmail.com | J214: @UNPRG.EDU.PE | K214: 939080978 | L214: MAESTRIA | M214: Ciencias Sociales con mención en Gestión Pública y Gerencia Social | N214: 73.5 | O214: ALCANZÓ VACANTE
A215: 214 | B215: AL | C215: 43734675 | D215: BUSTAMANTE AQUINO JOSÉ ANTONIO | E215: BUSTAMANTE AQUINO, JOSÉ ANTONIO | F215: BUSTAMANTE | G215: AQUINO | H215: JOSÉ ANTONIO | I215: joseantonito2646@gmail.com | J215: @UNPRG.EDU.PE | K215: 950796249 | L215: MAESTRIA | M215: Ciencias Sociales con mención en Gestión Pública y Gerencia Social | N215: 70.2 | O215: ALCANZÓ VACANTE
A216: 215 | B216: AL | C216: 71415312 | D216: ALTAMIRANO CUSMA EDSON DANIEL | E216: ALTAMIRANO CUSMA, EDSON DANIEL | F216: ALTAMIRANO | G216: CUSMA | H216: EDSON DANIEL | I216: edsondaniel2003@gmail.com | J216: @UNPRG.EDU.PE | K216: 979541769 | L216: MAESTRIA | M216: Ciencias Sociales con mención en Gestión Pública y Gerencia Social | N216: 68.6 | O216: ALCANZÓ VACANTE
A217: 216 | B217: AL | C217: 45907492 | D217: DAVILA BELLODAS KATYA FIORELLA | E217: DAVILA BELLODAS, KATYA FIORELLA | F217: DAVILA | G217: BELLODAS | H217: KATYA FIORELLA | I217: katya_davila@hotmail.com | J217: @UNPRG.EDU.PE | K217: 979014146 | L217: MAESTRIA | M217: Ciencias Sociales con mención en Gestión Pública y Gerencia Social | N217: 68.5 | O217: ALCANZÓ VACANTE
A218: 217 | B218: AL | C218: 73698834 | D218: CAMPOS ANGELES MAYRA XIMENA | E218: CAMPOS ANGELES, MAYRA XIMENA | F218: CAMPOS | G218: ANGELES | H218: MAYRA XIMENA | I218: camposangeles22@gmail.com | J218: @UNPRG.EDU.PE | K218: 939664508 | L218: MAESTRIA | M218: Ciencias Sociales con mención en Gestión Pública y Gerencia Social | N218: 66.7 | O218: ALCANZÓ VACANTE
A219: 218 | B219: AL | C219: 41685511 | D219: LUCUMI LLUNCOR LUIS ALBERTO | E219: LUCUMI LLUNCOR, LUIS ALBERTO | F219: LUCUMI | G219: LLUNCOR | H219: LUIS ALBERTO | I219: luislucumi1@gmail.com | J219: @UNPRG.EDU.PE | K219: 979914401 | L219: MAESTRIA | M219: Ciencias Sociales con mención en Gestión Pública y Gerencia Social | N219: 66.7 | O219: ALCANZÓ VACANTE
... A266: 265 | B266: AL | C266: 42056550 | D266: CABANILLAS CIEZA CLAUDIA CRISTINA | E266: CABANILLAS CIEZA, CLAUDIA CRISTINA | F266: CABANILLAS | G266: CIEZA | H266: CLAUDIA CRISTINA | I266: c.cabanillasclaudiacristina@gmail.com | J266: @UNPRG.EDU.PE | K266: 923296753 | L266: MAESTRIA | M266: Ciencias de la Educación con mención en Investigación y Docencia | N266: 53 | O266: ALCANZÓ VACANTE
A267: 266 | B267: AL | C267: 03700601 | D267: VEGA MIRES ESPERANZA | E267: VEGA MIRES, ESPERANZA | F267: VEGA | G267: MIRES | H267: ESPERANZA | I267: esperanzavegam72@gmail.com | J267: @UNPRG.EDU.PE | K267: 928685358 | L267: MAESTRIA | M267: Ciencias de la Educación con mención en Investigación y Docencia | N267: 51.3 | O267: ALCANZÓ VACANTE
A268: 267 | B268: AL | C268: 40564392 | D268: CORREA CHILON DAVID GEREMIAS | E268: CORREA CHILON, DAVID GEREMIAS | F268: CORREA | G268: CHILON | H268: DAVID GEREMIAS | I268: david.correa@gmail.com | J268: @UNPRG.EDU.PE | K268: 922210488 | L268: DOCTORADO | M268: Ciencias de la Educación | N268: 84.5 | O268: ALCANZÓ VACANTE
A269: 268 | B269: AL | C269: 16676613 | D269: MIRANDA VILCHEZ WALTER ABEL | E269: MIRANDA VILCHEZ, WALTER ABEL | F269: MIRANDA | G269: VILCHEZ | H269: WALTER ABEL | I269: waltermv37@gmail.com | J269: @UNPRG.EDU.PE | K269: 965197190 | L269: DOCTORADO | M269: Ciencias de la Educación | N269: 83 | O269: ALCANZÓ VACANTE
A270: 269 | B270: AL | C270: 70060478 | D270: CIEZA PEÑA CARLOS ALBERTO | E270: CIEZA PEÑA, CARLOS ALBERTO | F270: CIEZA | G270: PEÑA | H270: CARLOS ALBERTO | I270: CACIEZA@GMAIL.COM | J270: @UNPRG.EDU.PE | K270: 951538062 | L270: DOCTORADO | M270: Ciencias de la Educación | N270: 82 | O270: ALCANZÓ VACANTE
A271: 270 | B271: AL | C271: 16656814 | D271: NIÑO MONTERO NANCY | E271: NIÑO MONTERO, NANCY | F271: NIÑO | G271: MONTERO | H271: NANCY | I271: nnino@unprg.edu.pe | J271: @UNPRG.EDU.PE | K271: 979618370 | L271: DOCTORADO | M271: Ciencias de la Educación | N271: 81 | O271: ALCANZÓ VACANTE
A272: 271 | B272: AL | C272: 16719569 | D272: TEPE ATOCHE VICTOR MANUEL | E272: TEPE ATOCHE, VICTOR MANUEL | F272: TEPE | G272: ATOCHE | H272: VICTOR MANUEL | I272: cobrepsa@gmail.com | J272: @UNPRG.EDU.PE | K272: 943855088 | L272: DOCTORADO | M272: Ciencias de la Educación | N272: 80.8 | O272: ALCANZÓ VACANTE
A273: 272 | B273: AL | C273: 45695320 | D273: CUZQUEN YOCYA SARA RANDY DELIACIR | E273: CUZQUEN YOCYA, SARA RANDY DELIACIR | F273: CUZQUEN | G273: YOCYA | H273: SARA RANDY DELIACIR | I273: cyocyasarita@gmail.com | J273: @UNPRG.EDU.PE | K273: 949529017 | L273: DOCTORADO | M273: Ciencias de la Educación | N273: 80 | O273: ALCANZÓ VACANTE
A274: 273 | B274: AL | C274: 19219053 | D274: AMAMBAL PAUCAR JOSE HUMBERTO | E274: AMAMBAL PAUCAR, JOSE HUMBERTO | F274: AMAMBAL | G274: PAUCAR | H274: JOSE HUMBERTO | I274: jamambalp@gmail.com | J274: @UNPRG.EDU.PE | K274: 971049145 | L274: DOCTORADO | M274: Ciencias de la Educación | N274: 78.5 | O274: ALCANZÓ VACANTE
A275: 274 | B275: AL | C275: 71291418 | D275: MARTINEZ FERNANDEZ MARIA DEL PILAR | E275: MARTINEZ FERNANDEZ, MARIA DEL PILAR | F275: MARTINEZ | G275: FERNANDEZ | H275: MARIA DEL PILAR | I275: mmartinezfe@unprg.edu.pe | J275: @UNPRG.EDU.PE | K275: 937361416 | L275: DOCTORADO | M275: Ciencias de la Educación | N275: 77.5 | O275: ALCANZÓ VACANTE
A276: 275 | B276: AL | C276: 43674308 | D276: BUSTAMANTE CERNA DAVID | E276: BUSTAMANTE CERNA, DAVID | F276: BUSTAMANTE | G276: CERNA | H276: DAVID | I276: dbustamantece@unprg.edu.pe | J276: @UNPRG.EDU.PE | K276: 979784034 | L276: DOCTORADO | M276: Ciencias de la Educación | N276: 76 | O276: ALCANZÓ VACANTE
A277: 276 | B277: AL | C277: 17451203 | D277: DELGADO NAMUCHE KATTY ADELAIDA | E277: DELGADO NAMUCHE, KATTY ADELAIDA | F277: DELGADO | G277: NAMUCHE | H277: KATTY ADELAIDA | I277: c21721@utp.edu.pe | J277: @UNPRG.EDU.PE | K277: 968092042 | L277: DOCTORADO | M277: Ciencias de la Educación | N277: 75.7 | O277: ALCANZÓ VACANTE
A278: 277 | B278: AL | C278: 72747940 | D278: SECLEN SENCIO JOSE ALONSO | E278: SECLEN SENCIO, JOSE ALONSO | F278: SECLEN | G278: SENCIO | H278: JOSE ALONSO | I278: ppjoal1903@gmail.com | J278: @UNPRG.EDU.PE | K278: 960952982 | L278: DOCTORADO | M278: Ciencias de la Educación | N278: 75.3 | O278: ALCANZÓ VACANTE
A279: 278 | B279: AL | C279: 45620610 | D279: MONZÓN PINGLO LUIS ALBERTO | E279: MONZÓN PINGLO, LUIS ALBERTO | F279: MONZÓN | G279: PINGLO | H279: LUIS ALBERTO | I279: lmonzon@unprg.edu.pe | J279: @UNPRG.EDU.PE | K279: 945962546 | L279: DOCTORADO | M279: Ciencias de la Educación | N279: 75 | O279: ALCANZÓ VACANTE
... A304: 303 | B304: AL | C304: 25869444 | D304: MAGALLANES FLORES ANGELICA MILAGROS | E304: MAGALLANES FLORES, ANGELICA MILAGROS | F304: MAGALLANES | G304: FLORES | H304: ANGELICA MILAGROS | I304: mmagallanesflores99@gmail.com | J304: @UNPRG.EDU.PE | K304: 929296574 | L304: SEGUNDA ESPECIALIDAD PROFESIONAL | M304: Microbiología Clínica | N304: 64.2 | O304: ALCANZÓ VACANTE
A305: 304 | B305: AL | C305: 02811678 | D305: OCAMPOS SEMBRERA MIGUEL ANGEL | E305: OCAMPOS SEMBRERA, MIGUEL ANGEL | F305: OCAMPOS | G305: SEMBRERA | H305: MIGUEL ANGEL | I305: knchq@hotmail.com | J305: @UNPRG.EDU.PE | K305: 968054988 | L305: SEGUNDA ESPECIALIDAD PROFESIONAL | M305: Microbiología Clínica | N305: 63 | O305: ALCANZÓ VACANTE
A306: 305 | B306: AL | C306: 16707822 | D306: QUIROZ VILLALOBOS NILTON CESAR | E306: QUIROZ VILLALOBOS, NILTON CESAR | F306: QUIROZ | G306: VILLALOBOS | H306: NILTON CESAR | I306: rasecqv@hotmail.com | J306: @UNPRG.EDU.PE | K306: 949694371 | L306: MAESTRIA | M306: Ciencias Veterinarias con Mención en Salud Animal | N306: 78 | O306: ALCANZÓ VACANTE
A307: 306 | B307: AL | C307: 44453453 | D307: RIMARACHIN MANAY CESAR | E307: RIMARACHIN MANAY, CESAR | F307: RIMARACHIN | G307: MANAY | H307: CESAR | I307: cerimarachin@gmail.com | J307: @UNPRG.EDU.PE | K307: 963522492 | L307: MAESTRIA | M307: Ciencias Veterinarias con Mención en Salud Animal | N307: 74.5 | O307: ALCANZÓ VACANTE
A308: 307 | B308: AL | C308: 46720707 | D308: SERQUEN ALARCON DENIS ROLANDO | E308: SERQUEN ALARCON, DENIS ROLANDO | F308: SERQUEN | G308: ALARCON | H308: DENIS ROLANDO | I308: denis_sq2711@hotmail.com | J308: @UNPRG.EDU.PE | K308: 960698218 | L308: MAESTRIA | M308: Ciencias Veterinarias con Mención en Salud Animal | N308: 72 | O308: ALCANZÓ VACANTE
A309: 308 | B309: AL | C309: 45437477 | D309: RETO CHAVARRY BRAULIO MARTIN JOSSMAR | E309: RETO CHAVARRY, BRAULIO MARTIN JOSSMAR | F309: RETO | G309: CHAVARRY | H309: BRAULIO MARTIN JOSSMAR | I309: braulioreto8@gmail.com | J309: @UNPRG.EDU.PE | K309: 979499826 | L309: MAESTRIA | M309: Ciencias Veterinarias con Mención en Salud Animal | N309: 69.7 | O309: ALCANZÓ VACANTE
A310: 309 | B310: AL | C310: 44314825 | D310: LLAJA LLONTOP DARWIN JAVIER | E310: LLAJA LLONTOP, DARWIN JAVIER | F310: LLAJA | G310: LLONTOP | H310: DARWIN JAVIER | I310: djllaja03@gmail.com | J310: @UNPRG.EDU.PE | K310: 995488843 | L310: MAESTRIA | M310: Ciencias Veterinarias con Mención en Salud Animal | N310: 65.7 | O310: ALCANZÓ VACANTE
A311: 310 | B311: AL | C311: 41923767 | D311: POLICARPIO CACHAY MILTON ABELARDO | E311: POLICARPIO CACHAY, MILTON ABELARDO | F311: POLICARPIO | G311: CACHAY | H311: MILTON ABELARDO | I311: miltonpc123@gmail.com | J311: @UNPRG.EDU.PE | K311: 990382651 | L311: MAESTRIA | M311: Ciencias Veterinarias con Mención en Salud Animal | N311: 64.9 | O311: ALCANZÓ VACANTE
A312: 311 | B312: AL | C312: 45016415 | D312: LUCENA GABRIELLI JORGE LUIS | E312: LUCENA GABRIELLI, JORGE LUIS | F312: LUCENA | G312: GABRIELLI | H312: JORGE LUIS | I312: jlucenagabrielli@gmail.com | J312: @UNPRG.EDU.PE | K312: 968043708 | L312: MAESTRIA | M312: Ciencias Veterinarias con Mención en Salud Animal | N312: 64.5 | O312: ALCANZÓ VACANTE
A313: 312 | B313: AL | C313: 46528893 | D313: VILCHERRES ORTIZ CYNTHIA ELVA | E313: VILCHERRES ORTIZ, CYNTHIA ELVA | F313: VILCHERRES | G313: ORTIZ | H313: CYNTHIA ELVA | I313: cynthiavilor@gmail.com | J313: @UNPRG.EDU.PE | K313: 920190315 | L313: MAESTRIA | M313: Ciencias Veterinarias con Mención en Salud Animal | N313: 63.4 | O313: ALCANZÓ VACANTE
A314: 313 | B314: AL | C314: 41379898 | D314: BARRUETO FALEN MIGUEL ARTURO | E314: BARRUETO FALEN, MIGUEL ARTURO | F314: BARRUETO | G314: FALEN | H314: MIGUEL ARTURO | I314: miguelbarrueto777@gmail.com | J314: @UNPRG.EDU.PE | K314: 990935504 | L314: MAESTRIA | M314: Ciencias Veterinarias con Mención en Salud Animal | N314: 63 | O314: ALCANZÓ VACANTE
A315: 314 | B315: AL | C315: 44685921 | D315: MURO VALLADARES MIGUEL OSMAR | E315: MURO VALLADARES, MIGUEL OSMAR | F315: MURO | G315: VALLADARES | H315: MIGUEL OSMAR | I315: muromiguel0212@gmail.com | J315: @UNPRG.EDU.PE | K315: 943732547 | L315: MAESTRIA | M315: Ciencias Veterinarias con Mención en Salud Animal | N315: 63 | O315: ALCANZÓ VACANTE
A316: 315 | B316: AL | C316: 41600624 | D316: GUZMAN DIAZ OLIVER DANIEL | E316: GUZMAN DIAZ, OLIVER DANIEL | F316: GUZMAN | G316: DIAZ | H316: OLIVER DANIEL | I316: oliverdaniel.guzmandiaz@gmail.com | J316: @UNPRG.EDU.PE | K316: 968239466 | L316: MAESTRIA | M316: Ciencias Veterinarias con Mención en Salud Animal | N316: 62.7 | O316: ALCANZÓ VACANTE
A317: 316 | B317: AL | C317: 48318009 | D317: GONZALES LIZANA CAROLAY DAYANA | E317: GONZALES LIZANA, CAROLAY DAYANA | F317: GONZALES | G317: LIZANA | H317: CAROLAY DAYANA | I317: carolaygonzales94@gmail.com | J317: @UNPRG.EDU.PE | K317: 978878772 | L317: MAESTRIA | M317: Ciencias Veterinarias con Mención en Salud Animal | N317: 61 | O317: ALCANZÓ VACANTE
... A335: 334 | B335: AL | C335: 41160658 | D335: ROJAS BARBOZA JOHN HAROLD | E335: ROJAS BARBOZA, JOHN HAROLD | F335: ROJAS | G335: BARBOZA | H335: JOHN HAROLD | I335: john.rojas.barboza1981@gmail.com | J335: @UNPRG.EDU.PE | K335: 936903797 | L335: MAESTRIA | M335: Ciencias Agrarias con mención en Agroexportación Sostenible | N335: 68.5 | O335: ALCANZÓ VACANTE
A336: 335 | B336: AL | C336: 09796909 | D336: ZUÑE MONTALVO EULER WILFREDO | E336: ZUÑE MONTALVO, EULER WILFREDO | F336: ZUÑE | G336: MONTALVO | H336: EULER WILFREDO | I336: gerenciageneral@alimentaperu.pe | J336: @UNPRG.EDU.PE | K336: 905441358 | L336: MAESTRIA | M336: Ciencias Agrarias con mención en Agroexportación Sostenible | N336: 68.5 | O336: ALCANZÓ VACANTE
A337: 336 | B337: AL | C337: 40366179 | D337: RODAS HUERTAS ELI HUBER | E337: RODAS HUERTAS, ELI HUBER | F337: RODAS | G337: HUERTAS | H337: ELI HUBER | I337: rodashuertase@gmail.com | J337: @UNPRG.EDU.PE | K337: 926294937 | L337: MAESTRIA | M337: Ciencias Agrarias con mención en Agroexportación Sostenible | N337: 68.2 | O337: ALCANZÓ VACANTE
A338: 337 | B338: AL | C338: 47515394 | D338: BENAVIDES RODRIGUEZ EXEQUIEL | E338: BENAVIDES RODRIGUEZ, EXEQUIEL | F338: BENAVIDES | G338: RODRIGUEZ | H338: EXEQUIEL | I338: exe_berodri@hotmail.com | J338: @UNPRG.EDU.PE | K338: 976003092 | L338: MAESTRIA | M338: Ciencias Agrarias con mención en Agroexportación Sostenible | N338: 67 | O338: ALCANZÓ VACANTE
A339: 338 | B339: AL | C339: 48042572 | D339: VENTURA SUCLUPE JUAN JOSE | E339: VENTURA SUCLUPE, JUAN JOSE | F339: VENTURA | G339: SUCLUPE | H339: JUAN JOSE | I339: juanjoseventurasuclupe@gmail.com | J339: @UNPRG.EDU.PE | K339: 968408629 | L339: MAESTRIA | M339: Ciencias Agrarias con mención en Agroexportación Sostenible | N339: 67 | O339: ALCANZÓ VACANTE
A340: 339 | B340: AL | C340: 80612579 | D340: LLONTOP EFFIO YAJAHIRA LORENA | E340: LLONTOP EFFIO, YAJAHIRA LORENA | F340: LLONTOP | G340: EFFIO | H340: YAJAHIRA LORENA | I340: yllontopee@gmail.com | J340: @UNPRG.EDU.PE | K340: 996187265 | L340: MAESTRIA | M340: Ciencias Agrarias con mención en Agroexportación Sostenible | N340: 66.6 | O340: ALCANZÓ VACANTE
A341: 340 | B341: AL | C341: 75879465 | D341: FARROÑAN VALDERA CINTHIA ROXANA | E341: FARROÑAN VALDERA, CINTHIA ROXANA | F341: FARROÑAN | G341: VALDERA | H341: CINTHIA ROXANA | I341: farronanvalderacinthia@gmail.com | J341: @UNPRG.EDU.PE | K341: 935563100 | L341: MAESTRIA | M341: Ciencias Agrarias con mención en Agroexportación Sostenible | N341: 65.6 | O341: ALCANZÓ VACANTE
A342: 341 | B342: AL | C342: 16718184 | D342: MEGO SANTISTEBAN LETICIA LUCILA | E342: MEGO SANTISTEBAN, LETICIA LUCILA | F342: MEGO | G342: SANTISTEBAN | H342: LETICIA LUCILA | I342: aruba_llm@hotmail.com | J342: @UNPRG.EDU.PE | K342: 914244340 | L342: MAESTRIA | M342: Ciencias Agrarias con mención en Agroexportación Sostenible | N342: 62.4 | O342: ALCANZÓ VACANTE
A343: 342 | B343: AL | C343: 42707881 | D343: LLAUCE SANTAMARIA VICTOR GENARO | E343: LLAUCE SANTAMARIA, VICTOR GENARO | F343: LLAUCE | G343: SANTAMARIA | H343: VICTOR GENARO | I343: a_driano22@hotmail.com | J343: @UNPRG.EDU.PE | K343: 977177076 | L343: MAESTRIA | M343: Ciencias Agrarias con mención en Agroexportación Sostenible | N343: 61 | O343: ALCANZÓ VACANTE
A344: 343 | B344: AL | C344: 75475198 | D344: PINGLO PEÑA MARTHA TATIANA | E344: PINGLO PEÑA, MARTHA TATIANA | F344: PINGLO | G344: PEÑA | H344: MARTHA TATIANA | I344: taty_0126_1997@hotmail.com | J344: @UNPRG.EDU.PE | K344: 934195823 | L344: MAESTRIA | M344: Ciencias Agrarias con mención en Agroexportación Sostenible | N344: 57.8 | O344: ALCANZÓ VACANTE
A345: 344 | B345: AL | C345: 45810268 | D345: CORONEL GUEVARA AURORA DEL ROCIO | E345: CORONEL GUEVARA, AURORA DEL ROCIO | F345: CORONEL | G345: GUEVARA | H345: AURORA DEL ROCIO | I345: acoronelgu@unprg.edu.pe | J345: @UNPRG.EDU.PE | K345: 979109191 | L345: MAESTRIA | M345: Manejo Sostenible de Suelos | N345: 83 | O345: ALCANZÓ VACANTE
A346: 345 | B346: AL | C346: 47373478 | D346: VASQUEZ SILVA PERSI | E346: VASQUEZ SILVA, PERSI | F346: VASQUEZ | G346: SILVA | H346: PERSI | I346: persi_0922@hotmail.com | J346: @UNPRG.EDU.PE | K346: 954693044 | L346: MAESTRIA | M346: Manejo Sostenible de Suelos | N346: 80.3 | O346: ALCANZÓ VACANTE
A347: 346 | B347: AL | C347: 44842913 | D347: MOYANO MUÑOZ CARLOS ALBERTO | E347: MOYANO MUÑOZ, CARLOS ALBERTO | F347: MOYANO | G347: MUÑOZ | H347: CARLOS ALBERTO | I347: cmoyano@agrosimesd.com | J347: @UNPRG.EDU.PE | K347: 923026775 | L347: MAESTRIA | M347: Manejo Sostenible de Suelos | N347: 79.6 | O347: ALCANZÓ VACANTE
A348: 347 | B348: AL | C348: 40021177 | D348: RUBIO RAMIREZ DERMALI | E348: RUBIO RAMIREZ, DERMALI | F348: RUBIO | G348: RAMIREZ | H348: DERMALI | I348: dermali5060@gmail.com | J348: @UNPRG.EDU.PE | K348: 925812685 | L348: MAESTRIA | M348: Manejo Sostenible de Suelos | N348: 78.5 | O348: ALCANZÓ VACANTE
A349: 348 | B349: AL | C349: 02626994 | D349: GALECIO JULCA MIGUEL ANGEL | E349: GALECIO JULCA, MIGUEL ANGEL | F349: GALECIO | G349: JULCA | H349: MIGUEL ANGEL | I349: mgalecioj@unp.edu.pe | J349: @UNPRG.EDU.PE | K349: 969268674 | L349: MAESTRIA | M349: Manejo Sostenible de Suelos | N349: 78.2 | O349: ALCANZÓ VACANTE
A350: 349 | B350: AL | C350: 44249936 | D350: COTRINA VELASQUEZ LUIS MIGUEL | E350: COTRINA VELASQUEZ, LUIS MIGUEL | F350: COTRINA | G350: VELASQUEZ | H350: LUIS MIGUEL | I350: luis16_575@hotmail.com | J350: @UNPRG.EDU.PE | K350: 979066416 | L350: MAESTRIA | M350: Manejo Sostenible de Suelos | N350: 77.5 | O350: ALCANZÓ VACANTE
A351: 350 | B351: AL | C351: 46558332 | D351: DIAZ ARTEAGA YHEYSON | E351: DIAZ ARTEAGA, YHEYSON | F351: DIAZ | G351: ARTEAGA | H351: YHEYSON | I351: ydiazar@unprg.edu.pe | J351: @UNPRG.EDU.PE | K351: 940990391 | L351: MAESTRIA | M351: Manejo Sostenible de Suelos | N351: 76.6 | O351: ALCANZÓ VACANTE
A352: 351 | B352: AL | C352: 77355069 | D352: CAMPOS CHAVEZ YANILA ISABEL | E352: CAMPOS CHAVEZ, YANILA ISABEL | F352: CAMPOS | G352: CHAVEZ | H352: YANILA ISABEL | I352: ycamposc@unprg.edu.pe | J352: @UNPRG.EDU.PE | K352: 948721925 | L352: MAESTRIA | M352: Manejo Sostenible de Suelos | N352: 75 | O352: ALCANZÓ VACANTE
A353: 352 | B353: AL | C353: 09304638 | D353: SCHWARTZ AGUILAR NECTALIO JESUS | E353: SCHWARTZ AGUILAR, NECTALIO JESUS | F353: SCHWARTZ | G353: AGUILAR | H353: NECTALIO JESUS | I353: jesuschwartz@gmail.com | J353: @UNPRG.EDU.PE | K353: 918567044 | L353: MAESTRIA | M353: Manejo Sostenible de Suelos | N353: 73.9 | O353: ALCANZÓ VACANTE
A354: 353 | B354: AL | C354: 41203836 | D354: VASQUEZ SANCHEZ JHONNY ALBERTO | E354: VASQUEZ SANCHEZ, JHONNY ALBERTO | F354: VASQUEZ | G354: SANCHEZ | H354: JHONNY ALBERTO | I354: jhonni_82@hotmail.com | J354: @UNPRG.EDU.PE | K354: 979114738 | L354: MAESTRIA | M354: Manejo Sostenible de Suelos | N354: 72 | O354: ALCANZÓ VACANTE
A355: 354 | B355: AL | C355: 42091229 | D355: HUMBO LIMA JOSE ANIBAL | E355: HUMBO LIMA, JOSE ANIBAL | F355: HUMBO | G355: LIMA | H355: JOSE ANIBAL | I355: jaul20@gmail.com | J355: @UNPRG.EDU.PE | K355: 969032110 | L355: MAESTRIA | M355: Manejo Sostenible de Suelos | N355: 71.4 | O355: ALCANZÓ VACANTE
A356: 355 | B356: AL | C356: 72044190 | D356: HURTADO ROJAS LUIS NOLBERTO | E356: HURTADO ROJAS, LUIS NOLBERTO | F356: HURTADO | G356: ROJAS | H356: LUIS NOLBERTO | I356: lhurtador@unprg.edu.pe | J356: @UNPRG.EDU.PE | K356: 923655551 | L356: MAESTRIA | M356: Manejo Sostenible de Suelos | N356: 70.6 | O356: ALCANZÓ VACANTE
A357: 356 | B357: AL | C357: 75796634 | D357: SANCHEZ DIAZ DELVIS | E357: SANCHEZ DIAZ, DELVIS | F357: SANCHEZ | G357: DIAZ | H357: DELVIS | I357: dsanchezd@unprg.edu.pe | J357: @UNPRG.EDU.PE | K357: 963591442 | L357: MAESTRIA | M357: Manejo Sostenible de Suelos | N357: 69.2 | O357: ALCANZÓ VACANTE
A358: 357 | B358: AL | C358: 71643302 | D358: AVILA ACOSTA CHRISTIAN ARTURO | E358: AVILA ACOSTA, CHRISTIAN ARTURO | F358: AVILA | G358: ACOSTA | H358: CHRISTIAN ARTURO | I358: christianavilaacosta.0425@gmail.com | J358: @UNPRG.EDU.PE | K358: 993645001 | L358: MAESTRIA | M358: Manejo Sostenible de Suelos | N358: 68.6 | O358: ALCANZÓ VACANTE
A359: 358 | B359: AL | C359: 41891142 | D359: CHAFLOQUE MONTENEGRO VICTORIA | E359: CHAFLOQUE MONTENEGRO, VICTORIA | F359: CHAFLOQUE | G359: MONTENEGRO | H359: VICTORIA | I359: victoriachm@gmail.com | J359: @UNPRG.EDU.PE | K359: 943873493 | L359: MAESTRIA | M359: Manejo Sostenible de Suelos | N359: 67.4 | O359: ALCANZÓ VACANTE
A360: 359 | B360: AL | C360: 75397174 | D360: SAMAJEN JUWAG ELIO | E360: SAMAJEN JUWAG, ELIO | F360: SAMAJEN | G360: JUWAG | H360: ELIO | I360: samajen1912@gmail.com | J360: @UNPRG.EDU.PE | K360: 962072750 | L360: MAESTRIA | M360: Manejo Sostenible de Suelos | N360: 66 | O360: ALCANZÓ VACANTE
A361: 360 | B361: AL | C361: 16688080 | D361: BALLENA CUZMA ELIBERTO | E361: BALLENA CUZMA, ELIBERTO | F361: BALLENA | G361: CUZMA | H361: ELIBERTO | I361: ebcuzma@gmail.com | J361: @UNPRG.EDU.PE | K361: 946922965 | L361: MAESTRIA | M361: Manejo Sostenible de Suelos | N361: 54 | O361: ALCANZÓ VACANTE
A362: 361 | B362: AL | C362: 70822466 | D362: CHILCON MONTENEGRO WILBER | E362: CHILCON MONTENEGRO, WILBER | F362: CHILCON | G362: MONTENEGRO | H362: WILBER | I362: Wchilcon@unprg.edu.pe | J362: @UNPRG.EDU.PE | K362: 930151853 | L362: MAESTRIA | M362: Manejo Sostenible de Suelos | N362: 48.9 | O362: ALCANZÓ VACANTE
A363: 362 | B363: AL | C363: 16694733 | D363: TARRILLO CHICOMA SEGUNDO DEMETRIO | E363: TARRILLO CHICOMA, SEGUNDO DEMETRIO | F363: TARRILLO | G363: CHICOMA | H363: SEGUNDO DEMETRIO | I363: setachi23@gmail.com | J363: @UNPRG.EDU.PE | K363: 939815572 | L363: MAESTRIA | M363: Ciencias con mención en Manejo Integrado de Plagas y Enfermedades | N363: 83.1 | O363: ALCANZÓ VACANTE
A364: 363 | B364: AL | C364: 74226566 | D364: PEZANTES HERRERA WILSON | E364: PEZANTES HERRERA, WILSON | F364: PEZANTES | G364: HERRERA | H364: WILSON | I364: wpezantes@unprg.edu.pe | J364: @UNPRG.EDU.PE | K364: 989866778 | L364: MAESTRIA | M364: Ciencias con mención en Manejo Integrado de Plagas y Enfermedades | N364: 78.2 | O364: ALCANZÓ VACANTE
...

Sheet datos_cargar
A1: IdPer | B1: Tipo | C1: Apenom | D1: RUC | E1: Email | F1: Telefono | G1: Celular | H1: Direccion | I1: FechaNac | J1: Grado | K1: UniGrado | L1: Cargo | M1: CodigoSP | N1: Sueldo | O1: CodigoAlu | P1: Clave | Q1: EstadoDoc | R1: FIngreso | S1: Promocion | T1: sexo_alu | U1: Condicion | V1: Libro | W1: fechagrad_alu | X1: grupo_alu | Y1: fegreso_alu | Z1: fadmision_alu | AA1: fechapostulante_ps | AB1: csexpediente_ps | AC1: Folio | AD1: region_alu | AE1: trabajade_alu | AF1: trabajaen_alu | AG1: observacionACA_alu | AH1: modalidad_alu | AI1: Nombres | AJ1: ApellidoPat | AK1: ApellidoMat | AL1: DNI | AM1: gradoacademico_alu | AN1: gradoacademicouni_alu | AO1: tituloprofesional_alu | AP1: tituloprofesionaluni_alu | AQ1: EstadoPago | AR1: EAcademico_alu | AS1: EgresadoUNPRG | AT1: Profesion | AU1: GradoAcademicoCodigoUni | AV1: DistritoResidencia | AW1: ProvinciaResidencia | AX1: DepartamentoResidencia | AY1: TipoUni | AZ1: FEgreso | BA1: observacionRECA_alu | BB1: FechaReg | BC1: NroExpedienteGrado | BD1: FechaGrado | BE1: ResolucionGrado | BF1: EmailUNPRG | BG1: PuntajeExaIngreso
A2: 1 | B2: AL | C2: LLAMO DIAZ, NELSON JOSUE | D2: 75363208 | E2: nejlld25@gmail.com | F2: - | G2: 955850651 | H2: =VLOOKUP(D2,DATA_SISTEMA!$A$1:$Q$506,13,FALSE) -> ANEXO CRUCE LAS CANTERAS S/N | I2: =VLOOKUP(D2,DATA_SISTEMA!$A$1:$Q$506,7,FALSE) -> 1999-02-25 | J2: - | K2: - | L2: - | M2: 74 | N2: 0 | O2: =_xlfn.CONCAT(A2,"0020261X") -> 10020261X | P2: - | Q2: - | R2: 2026-I | S2: V | T2: =VLOOKUP(D2,DATA_SISTEMA!$A$1:$Q$506,9,FALSE) -> M | U2: A | V2: - | W2: 0000-00-00 | X2: U | Y2: - | Z2: - | AA2: 0000-00-00 | AB2: - | AC2: - | AD2: - | AE2: - | AF2: - | AG2: - | AH2: OR | AI2: NELSON JOSUE | AJ2: LLAMO | AK2: DIAZ | AL2: 75363208 | AM2: - | AN2: - | AO2: - | AP2: - | AQ2: - | AR2: - | AS2: - | AT2: - | AU2: - | AV2: =VLOOKUP(D2,DATA_SISTEMA!$A$1:$Q$506,12,FALSE) -> PATAPO | AW2: =VLOOKUP(D2,DATA_SISTEMA!$A$1:$Q$506,11,FALSE) -> CHICLAYO | AX2: =VLOOKUP(D2,DATA_SISTEMA!$A$1:$Q$506,10,FALSE) -> LAMBAYEQUE | AY2: - | AZ2: 0000-00-00 | BA2: - | BB2: 0000-00-00 | BC2: - | BD2: 0000-00-00 | BE2: - | BF2: @UNPRG.EDU.PE | BG2: 80.5
A3: 2 | B3: AL | C3: SILVA DELGADO, GHIERALD ELOY | D3: 44666269 | E3: silvaagricola0406@gmail.com | F3: - | G3: 926186587 | H3: =VLOOKUP(D3,DATA_SISTEMA!$A$1:$Q$506,13,FALSE) -> MZ -B LOTE 11 | I3: =VLOOKUP(D3,DATA_SISTEMA!$A$1:$Q$506,7,FALSE) -> 1986-12-06 | J3: - | K3: - | L3: - | M3: 74 | N3: 0 | O3: =_xlfn.CONCAT(A3,"0020261X") -> 20020261X | P3: - | Q3: - | R3: 2026-I | S3: V | T3: =VLOOKUP(D3,DATA_SISTEMA!$A$1:$Q$506,9,FALSE) -> M | U3: A | V3: - | W3: 0000-00-00 | X3: U | Y3: - | Z3: - | AA3: 0000-00-00 | AB3: - | AC3: - | AD3: - | AE3: - | AF3: - | AG3: - | AH3: OR | AI3: GHIERALD ELOY | AJ3: SILVA | AK3: DELGADO | AL3: 44666269 | AM3: - | AN3: - | AO3: - | AP3: - | AQ3: - | AR3: - | AS3: - | AT3: - | AU3: - | AV3: =VLOOKUP(D3,DATA_SISTEMA!$A$1:$Q$506,12,FALSE) -> CASTILLA | AW3: =VLOOKUP(D3,DATA_SISTEMA!$A$1:$Q$506,11,FALSE) -> PIURA | AX3: =VLOOKUP(D3,DATA_SISTEMA!$A$1:$Q$506,10,FALSE) -> PIURA | AY3: - | AZ3: 0000-00-00 | BA3: - | BB3: 0000-00-00 | BC3: - | BD3: 0000-00-00 | BE3: - | BF3: @UNPRG.EDU.PE | BG3: 74.5
A4: 3 | B4: AL | C4: CIEZA HERRERA, IVAN MARCELO | D4: 71491689 | E4: ivanciencias13@gmail.com | F4: - | G4: 968750910 | H4: =VLOOKUP(D4,DATA_SISTEMA!$A$1:$Q$506,13,FALSE) -> BLOCK 18 MZ. LT. 6B | I4: =VLOOKUP(D4,DATA_SISTEMA!$A$1:$Q$506,7,FALSE) -> 1999-08-13 | J4: - | K4: - | L4: - | M4: 74 | N4: 0 | O4: =_xlfn.CONCAT(A4,"0020261X") -> 30020261X | P4: - | Q4: - | R4: 2026-I | S4: V | T4: =VLOOKUP(D4,DATA_SISTEMA!$A$1:$Q$506,9,FALSE) -> M | U4: A | V4: - | W4: 0000-00-00 | X4: U | Y4: - | Z4: - | AA4: 0000-00-00 | AB4: - | AC4: - | AD4: - | AE4: - | AF4: - | AG4: - | AH4: OR | AI4: IVAN MARCELO | AJ4: CIEZA | AK4: HERRERA | AL4: 71491689 | AM4: - | AN4: - | AO4: - | AP4: - | AQ4: - | AR4: - | AS4: - | AT4: - | AU4: - | AV4: =VLOOKUP(D4,DATA_SISTEMA!$A$1:$Q$506,12,FALSE) -> TUMAN | AW4: =VLOOKUP(D4,DATA_SISTEMA!$A$1:$Q$506,11,FALSE) -> CHICLAYO | AX4: =VLOOKUP(D4,DATA_SISTEMA!$A$1:$Q$506,10,FALSE) -> LAMBAYEQUE | AY4: - | AZ4: 0000-00-00 | BA4: - | BB4: 0000-00-00 | BC4: - | BD4: 0000-00-00 | BE4: - | BF4: @UNPRG.EDU.PE | BG4: 74
A5: 4 | B5: AL | C5: SAUCEDO LINARES, CRISTIAN YOMAR | D5: 73462669 | E5: cristiansaucedolinares10@gmail.com | F5: - | G5: 975609988 | H5: =VLOOKUP(D5,DATA_SISTEMA!$A$1:$Q$506,13,FALSE) -> JR. JOSÉ SALINAS N° 269 - CHOTA | I5: =VLOOKUP(D5,DATA_SISTEMA!$A$1:$Q$506,7,FALSE) -> 1999-02-10 | J5: - | K5: - | L5: - | M5: 74 | N5: 0 | O5: =_xlfn.CONCAT(A5,"0020261X") -> 40020261X | P5: - | Q5: - | R5: 2026-I | S5: V | T5: =VLOOKUP(D5,DATA_SISTEMA!$A$1:$Q$506,9,FALSE) -> M | U5: A | V5: - | W5: 0000-00-00 | X5: U | Y5: - | Z5: - | AA5: 0000-00-00 | AB5: - | AC5: - | AD5: - | AE5: - | AF5: - | AG5: - | AH5: OR | AI5: CRISTIAN YOMAR | AJ5: SAUCEDO | AK5: LINARES | AL5: 73462669 | AM5: - | AN5: - | AO5: - | AP5: - | AQ5: - | AR5: - | AS5: - | AT5: - | AU5: - | AV5: =VLOOKUP(D5,DATA_SISTEMA!$A$1:$Q$506,12,FALSE) -> CHOTA | AW5: =VLOOKUP(D5,DATA_SISTEMA!$A$1:$Q$506,11,FALSE) -> CHOTA | AX5: =VLOOKUP(D5,DATA_SISTEMA!$A$1:$Q$506,10,FALSE) -> CAJAMARCA | AY5: - | AZ5: 0000-00-00 | BA5: - | BB5: 0000-00-00 | BC5: - | BD5: 0000-00-00 | BE5: - | BF5: @UNPRG.EDU.PE | BG5: 74
A6: 5 | B6: AL | C6: ARBOLEDA IMAN, JUAN MANUEL | D6: 71396806 | E6: juanarboledai1996@gmail.com | F6: - | G6: 972026173 | H6: =VLOOKUP(D6,DATA_SISTEMA!$A$1:$Q$506,13,FALSE) -> ARENALES 638 DIEGO FERRE | I6: =VLOOKUP(D6,DATA_SISTEMA!$A$1:$Q$506,7,FALSE) -> 1996-01-03 | J6: - | K6: - | L6: - | M6: 74 | N6: 0 | O6: =_xlfn.CONCAT(A6,"0020261X") -> 50020261X | P6: - | Q6: - | R6: 2026-I | S6: V | T6: =VLOOKUP(D6,DATA_SISTEMA!$A$1:$Q$506,9,FALSE) -> M | U6: A | V6: - | W6: 0000-00-00 | X6: U | Y6: - | Z6: - | AA6: 0000-00-00 | AB6: - | AC6: - | AD6: - | AE6: - | AF6: - | AG6: - | AH6: OR | AI6: JUAN MANUEL | AJ6: ARBOLEDA | AK6: IMAN | AL6: 71396806 | AM6: - | AN6: - | AO6: - | AP6: - | AQ6: - | AR6: - | AS6: - | AT6: - | AU6: - | AV6: =VLOOKUP(D6,DATA_SISTEMA!$A$1:$Q$506,12,FALSE) -> CHICLAYO | AW6: =VLOOKUP(D6,DATA_SISTEMA!$A$1:$Q$506,11,FALSE) -> CHICLAYO | AX6: =VLOOKUP(D6,DATA_SISTEMA!$A$1:$Q$506,10,FALSE) -> LAMBAYEQUE | AY6: - | AZ6: 0000-00-00 | BA6: - | BB6: 0000-00-00 | BC6: - | BD6: 0000-00-00 | BE6: - | BF6: @UNPRG.EDU.PE | BG6: 73.5
A7: 6 | B7: AL | C7: AREVALO CORONEL, RAUL JOEL | D7: 43111414 | E7: rauljac86@outlook.com | F7: - | G7: 939737207 | H7: =VLOOKUP(D7,DATA_SISTEMA!$A$1:$Q$506,13,FALSE) -> CA. WIRACOCHA N° 667-2DO PISO | I7: =VLOOKUP(D7,DATA_SISTEMA!$A$1:$Q$506,7,FALSE) -> 1985-06-05 | J7: - | K7: - | L7: - | M7: 74 | N7: 0 | O7: =_xlfn.CONCAT(A7,"0020261X") -> 60020261X | P7: - | Q7: - | R7: 2026-I | S7: V | T7: =VLOOKUP(D7,DATA_SISTEMA!$A$1:$Q$506,9,FALSE) -> M | U7: A | V7: - | W7: 0000-00-00 | X7: U | Y7: - | Z7: - | AA7: 0000-00-00 | AB7: - | AC7: - | AD7: - | AE7: - | AF7: - | AG7: - | AH7: OR | AI7: RAUL JOEL | AJ7: AREVALO | AK7: CORONEL | AL7: 43111414 | AM7: - | AN7: - | AO7: - | AP7: - | AQ7: - | AR7: - | AS7: - | AT7: - | AU7: - | AV7: =VLOOKUP(D7,DATA_SISTEMA!$A$1:$Q$506,12,FALSE) -> LA VICTORIA | AW7: =VLOOKUP(D7,DATA_SISTEMA!$A$1:$Q$506,11,FALSE) -> CHICLAYO | AX7: =VLOOKUP(D7,DATA_SISTEMA!$A$1:$Q$506,10,FALSE) -> LAMBAYEQUE | AY7: - | AZ7: 0000-00-00 | BA7: - | BB7: 0000-00-00 | BC7: - | BD7: 0000-00-00 | BE7: - | BF7: @UNPRG.EDU.PE | BG7: 72.5
A8: 7 | B8: AL | C8: GUEVARA PORTILLO, FRANCO DAVID | D8: 60258953 | E8: francod.gp@gmail.com | F8: - | G8: 990453660 | H8: =VLOOKUP(D8,DATA_SISTEMA!$A$1:$Q$506,13,FALSE) -> CALLE LOS PETALOS 299 - URB. CARLOS STEIN | I8: =VLOOKUP(D8,DATA_SISTEMA!$A$1:$Q$506,7,FALSE) -> 1995-07-13 | J8: - | K8: - | L8: - | M8: 74 | N8: 0 | O8: =_xlfn.CONCAT(A8,"0020261X") -> 70020261X | P8: - | Q8: - | R8: 2026-I | S8: V | T8: =VLOOKUP(D8,DATA_SISTEMA!$A$1:$Q$506,9,FALSE) -> M | U8: A | V8: - | W8: 0000-00-00 | X8: U | Y8: - | Z8: - | AA8: 0000-00-00 | AB8: - | AC8: - | AD8: - | AE8: - | AF8: - | AG8: - | AH8: OR | AI8: FRANCO DAVID | AJ8: GUEVARA | AK8: PORTILLO | AL8: 60258953 | AM8: - | AN8: - | AO8: - | AP8: - | AQ8: - | AR8: - | AS8: - | AT8: - | AU8: - | AV8: =VLOOKUP(D8,DATA_SISTEMA!$A$1:$Q$506,12,FALSE) -> JOSE LEONARDO ORTIZ | AW8: =VLOOKUP(D8,DATA_SISTEMA!$A$1:$Q$506,11,FALSE) -> CHICLAYO | AX8: =VLOOKUP(D8,DATA_SISTEMA!$A$1:$Q$506,10,FALSE) -> LAMBAYEQUE | AY8: - | AZ8: 0000-00-00 | BA8: - | BB8: 0000-00-00 | BC8: - | BD8: 0000-00-00 | BE8: - | BF8: @UNPRG.EDU.PE | BG8: 72.5
A9: 8 | B9: AL | C9: OJEDA CAPUÑAY, RENZO PAOLO | D9: 73025102 | E9: renzo_ojeda_0304@outlook.com | F9: - | G9: 963584802 | H9: =VLOOKUP(D9,DATA_SISTEMA!$A$1:$Q$506,13,FALSE) -> TUPAC AMARU #300 - P.J. SANTA ROSA | I9: =VLOOKUP(D9,DATA_SISTEMA!$A$1:$Q$506,7,FALSE) -> 1998-04-03 | J9: - | K9: - | L9: - | M9: 74 | N9: 0 | O9: =_xlfn.CONCAT(A9,"0020261X") -> 80020261X | P9: - | Q9: - | R9: 2026-I | S9: V | T9: =VLOOKUP(D9,DATA_SISTEMA!$A$1:$Q$506,9,FALSE) -> M | U9: A | V9: - | W9: 0000-00-00 | X9: U | Y9: - | Z9: - | AA9: 0000-00-00 | AB9: - | AC9: - | AD9: - | AE9: - | AF9: - | AG9: - | AH9: OR | AI9: RENZO PAOLO | AJ9: OJEDA | AK9: CAPUÑAY | AL9: 73025102 | AM9: - | AN9: - | AO9: - | AP9: - | AQ9: - | AR9: - | AS9: - | AT9: - | AU9: - | AV9: =VLOOKUP(D9,DATA_SISTEMA!$A$1:$Q$506,12,FALSE) -> LAMBAYEQUE | AW9: =VLOOKUP(D9,DATA_SISTEMA!$A$1:$Q$506,11,FALSE) -> LAMBAYEQUE | AX9: =VLOOKUP(D9,DATA_SISTEMA!$A$1:$Q$506,10,FALSE) -> LAMBAYEQUE | AY9: - | AZ9: 0000-00-00 | BA9: - | BB9: 0000-00-00 | BC9: - | BD9: 0000-00-00 | BE9: - | BF9: @UNPRG.EDU.PE | BG9: 72.5
A10: 9 | B10: AL | C10: HUAYTALLA YARANGA, JOSE LUIS | D10: 75720372 | E10: jose.huaytalla21@gmail.com | F10: - | G10: 941361826 | H10: =VLOOKUP(D10,DATA_SISTEMA!$A$1:$Q$506,13,FALSE) -> JR ALHUCEMAS 1718 COOP LAS FLORES DE PRIMAVERA | I10: =VLOOKUP(D10,DATA_SISTEMA!$A$1:$Q$506,7,FALSE) -> 1996-11-14 | J10: - | K10: - | L10: - | M10: 74 | N10: 0 | O10: =_xlfn.CONCAT(A10,"0020261X") -> 90020261X | P10: - | Q10: - | R10: 2026-I | S10: V | T10: =VLOOKUP(D10,DATA_SISTEMA!$A$1:$Q$506,9,FALSE) -> M | U10: A | V10: - | W10: 0000-00-00 | X10: U | Y10: - | Z10: - | AA10: 0000-00-00 | AB10: - | AC10: - | AD10: - | AE10: - | AF10: - | AG10: - | AH10: OR | AI10: JOSE LUIS | AJ10: HUAYTALLA | AK10: YARANGA | AL10: 75720372 | AM10: - | AN10: - | AO10: - | AP10: - | AQ10: - | AR10: - | AS10: - | AT10: - | AU10: - | AV10: =VLOOKUP(D10,DATA_SISTEMA!$A$1:$Q$506,12,FALSE) -> SAN JUAN DE LURIGANCHO | AW10: =VLOOKUP(D10,DATA_SISTEMA!$A$1:$Q$506,11,FALSE) -> LIMA | AX10: =VLOOKUP(D10,DATA_SISTEMA!$A$1:$Q$506,10,FALSE) -> LIMA | AY10: - | AZ10: 0000-00-00 | BA10: - | BB10: 0000-00-00 | BC10: - | BD10: 0000-00-00 | BE10: - | BF10: @UNPRG.EDU.PE | BG10: 72
A11: 10 | B11: AL | C11: SAAVEDRA RUIZ, AQUILES | D11: 46135037 | E11: aquiles_sr4@hotmail.com | F11: - | G11: 918313510 | H11: =VLOOKUP(D11,DATA_SISTEMA!$A$1:$Q$506,13,FALSE) -> CENTRO POBLADO EL CHORRO - S/N POMALCA | I11: =VLOOKUP(D11,DATA_SISTEMA!$A$1:$Q$506,7,FALSE) -> 1989-12-15 | J11: - | K11: - | L11: - | M11: 74 | N11: 0 | O11: =_xlfn.CONCAT(A11,"0020261X") -> 100020261X | P11: - | Q11: - | R11: 2026-I | S11: V | T11: =VLOOKUP(D11,DATA_SISTEMA!$A$1:$Q$506,9,FALSE) -> M | U11: A | V11: - | W11: 0000-00-00 | X11: U | Y11: - | Z11: - | AA11: 0000-00-00 | AB11: - | AC11: - | AD11: - | AE11: - | AF11: - | AG11: - | AH11: OR | AI11: AQUILES | AJ11: SAAVEDRA | AK11: RUIZ | AL11: 46135037 | AM11: - | AN11: - | AO11: - | AP11: - | AQ11: - | AR11: - | AS11: - | AT11: - | AU11: - | AV11: =VLOOKUP(D11,DATA_SISTEMA!$A$1:$Q$506,12,FALSE) -> POMALCA | AW11: =VLOOKUP(D11,DATA_SISTEMA!$A$1:$Q$506,11,FALSE) -> CHICLAYO | AX11: =VLOOKUP(D11,DATA_SISTEMA!$A$1:$Q$506,10,FALSE) -> LAMBAYEQUE | AY11: - | AZ11: 0000-00-00 | BA11: - | BB11: 0000-00-00 | BC11: - | BD11: 0000-00-00 | BE11: - | BF11: @UNPRG.EDU.PE | BG11: 70
A12: 11 | B12: AL | C12: MANAYAY MANAYAY, JOSELITO | D12: 48199611 | E12: jmanayaym@hotmail.com | F12: - | G12: 925882492 | H12: =VLOOKUP(D12,DATA_SISTEMA!$A$1:$Q$506,13,FALSE) -> PROLONGACION BRITALDO GONZALES MZ H LT 4 | I12: =VLOOKUP(D12,DATA_SISTEMA!$A$1:$Q$506,7,FALSE) -> 1992-01-03 | J12: - | K12: - | L12: - | M12: 74 | N12: 0 | O12: =_xlfn.CONCAT(A12,"0020261X") -> 110020261X | P12: - | Q12: - | R12: 2026-I | S12: V | T12: =VLOOKUP(D12,DATA_SISTEMA!$A$1:$Q$506,9,FALSE) -> M | U12: A | V12: - | W12: 0000-00-00 | X12: U | Y12: - | Z12: - | AA12: 0000-00-00 | AB12: - | AC12: - | AD12: - | AE12: - | AF12: - | AG12: - | AH12: OR | AI12: JOSELITO | AJ12: MANAYAY | AK12: MANAYAY | AL12: 48199611 | AM12: - | AN12: - | AO12: - | AP12: - | AQ12: - | AR12: - | AS12: - | AT12: - | AU12: - | AV12: =VLOOKUP(D12,DATA_SISTEMA!$A$1:$Q$506,12,FALSE) -> PUEBLO NUEVO | AW12: =VLOOKUP(D12,DATA_SISTEMA!$A$1:$Q$506,11,FALSE) -> FERREÑAFE | AX12: =VLOOKUP(D12,DATA_SISTEMA!$A$1:$Q$506,10,FALSE) -> LAMBAYEQUE | AY12: - | AZ12: 0000-00-00 | BA12: - | BB12: 0000-00-00 | BC12: - | BD12: 0000-00-00 | BE12: - | BF12: @UNPRG.EDU.PE | BG12: 68.5
A13: 12 | B13: AL | C13: DE LA CRUZ DE LA CRUZ, LUIS ARMANDO | D13: 73514125 | E13: luisdelacruz1409@gmail.com | F13: - | G13: 973854830 | H13: =VLOOKUP(D13,DATA_SISTEMA!$A$1:$Q$506,13,FALSE) -> PUEBLO JOVEN SAN JUAN MZ D LT N°3-CHICLAYO | I13: =VLOOKUP(D13,DATA_SISTEMA!$A$1:$Q$506,7,FALSE) -> 1997-09-14 | J13: - | K13: - | L13: - | M13: 74 | N13: 0 | O13: =_xlfn.CONCAT(A13,"0020261X") -> 120020261X | P13: - | Q13: - | R13: 2026-I | S13: V | T13: =VLOOKUP(D13,DATA_SISTEMA!$A$1:$Q$506,9,FALSE) -> M | U13: A | V13: - | W13: 0000-00-00 | X13: U | Y13: - | Z13: - | AA13: 0000-00-00 | AB13: - | AC13: - | AD13: - | AE13: - | AF13: - | AG13: - | AH13: OR | AI13: LUIS ARMANDO | AJ13: DE LA CRUZ | AK13: DE LA CRUZ | AL13: 73514125 | AM13: - | AN13: - | AO13: - | AP13: - | AQ13: - | AR13: - | AS13: - | AT13: - | AU13: - | AV13: =VLOOKUP(D13,DATA_SISTEMA!$A$1:$Q$506,12,FALSE) -> CAÑARIS | AW13: =VLOOKUP(D13,DATA_SISTEMA!$A$1:$Q$506,11,FALSE) -> FERREÑAFE | AX13: =VLOOKUP(D13,DATA_SISTEMA!$A$1:$Q$506,10,FALSE) -> LAMBAYEQUE | AY13: - | AZ13: 0000-00-00 | BA13: - | BB13: 0000-00-00 | BC13: - | BD13: 0000-00-00 | BE13: - | BF13: @UNPRG.EDU.PE | BG13: 67.5
... A31: 30 | B31: AL | C31: GUERREROS SALAZAR, ANGIE LESLIE | D31: 73699282 | E31: arq.angielgs@gmail.com | F31: - | G31: 942238971 | H31: =VLOOKUP(D31,DATA_SISTEMA!$A$1:$Q$506,13,FALSE) -> INDEPENDENCIA 725 | I31: =VLOOKUP(D31,DATA_SISTEMA!$A$1:$Q$506,7,FALSE) -> 1996-03-09 | J31: - | K31: - | L31: - | M31: 269 | N31: 0 | O31: =_xlfn.CONCAT(A31,"0020261X") -> 300020261X | P31: - | Q31: - | R31: 2026-I | S31: IV | T31: =VLOOKUP(D31,DATA_SISTEMA!$A$1:$Q$506,9,FALSE) -> F | U31: A | V31: - | W31: 0000-00-00 | X31: U | Y31: - | Z31: - | AA31: 0000-00-00 | AB31: - | AC31: - | AD31: - | AE31: - | AF31: - | AG31: - | AH31: OR | AI31: ANGIE LESLIE | AJ31: GUERREROS | AK31: SALAZAR | AL31: 73699282 | AM31: - | AN31: - | AO31: - | AP31: - | AQ31: - | AR31: - | AS31: - | AT31: - | AU31: - | AV31: =VLOOKUP(D31,DATA_SISTEMA!$A$1:$Q$506,12,FALSE) -> CHICLAYO | AW31: =VLOOKUP(D31,DATA_SISTEMA!$A$1:$Q$506,11,FALSE) -> CHICLAYO | AX31: =VLOOKUP(D31,DATA_SISTEMA!$A$1:$Q$506,10,FALSE) -> LAMBAYEQUE | AY31: - | AZ31: 0000-00-00 | BA31: - | BB31: 0000-00-00 | BC31: - | BD31: 0000-00-00 | BE31: - | BF31: @UNPRG.EDU.PE | BG31: 64.7
A32: 31 | B32: AL | C32: LACERNA ZUTA, KATHY | D32: 71208115 | E32: Kathy.lacerna.zuta@gmail.com | F32: - | G32: 970963109 | H32: =VLOOKUP(D32,DATA_SISTEMA!$A$1:$Q$506,13,FALSE) -> LA MERCED 429 | I32: =VLOOKUP(D32,DATA_SISTEMA!$A$1:$Q$506,7,FALSE) -> 1995-11-15 | J32: - | K32: - | L32: - | M32: 269 | N32: 0 | O32: =_xlfn.CONCAT(A32,"0020261X") -> 310020261X | P32: - | Q32: - | R32: 2026-I | S32: IV | T32: =VLOOKUP(D32,DATA_SISTEMA!$A$1:$Q$506,9,FALSE) -> F | U32: A | V32: - | W32: 0000-00-00 | X32: U | Y32: - | Z32: - | AA32: 0000-00-00 | AB32: - | AC32: - | AD32: - | AE32: - | AF32: - | AG32: - | AH32: OR | AI32: KATHY | AJ32: LACERNA | AK32: ZUTA | AL32: 71208115 | AM32: - | AN32: - | AO32: - | AP32: - | AQ32: - | AR32: - | AS32: - | AT32: - | AU32: - | AV32: =VLOOKUP(D32,DATA_SISTEMA!$A$1:$Q$506,12,FALSE) -> CHACHAPOYAS | AW32: =VLOOKUP(D32,DATA_SISTEMA!$A$1:$Q$506,11,FALSE) -> CHACHAPOYAS | AX32: =VLOOKUP(D32,DATA_SISTEMA!$A$1:$Q$506,10,FALSE) -> AMAZONAS | AY32: - | AZ32: 0000-00-00 | BA32: - | BB32: 0000-00-00 | BC32: - | BD32: 0000-00-00 | BE32: - | BF32: @UNPRG.EDU.PE | BG32: 63.5
A33: 32 | B33: AL | C33: ROJAS MORENO, ANDERSON DALFRED | D33: 45586127 | E33: dalfred_g@hotmail.com | F33: - | G33: 954639109 | H33: =VLOOKUP(D33,DATA_SISTEMA!$A$1:$Q$506,13,FALSE) -> CALLE LAMBAYEQUE #860 P.J SANTA ROSA | I33: =VLOOKUP(D33,DATA_SISTEMA!$A$1:$Q$506,7,FALSE) -> 1988-12-26 | J33: - | K33: - | L33: - | M33: 269 | N33: 0 | O33: =_xlfn.CONCAT(A33,"0020261X") -> 320020261X | P33: - | Q33: - | R33: 2026-I | S33: IV | T33: =VLOOKUP(D33,DATA_SISTEMA!$A$1:$Q$506,9,FALSE) -> M | U33: A | V33: - | W33: 0000-00-00 | X33: U | Y33: - | Z33: - | AA33: 0000-00-00 | AB33: - | AC33: - | AD33: - | AE33: - | AF33: - | AG33: - | AH33: OR | AI33: ANDERSON DALFRED | AJ33: ROJAS | AK33: MORENO | AL33: 45586127 | AM33: - | AN33: - | AO33: - | AP33: - | AQ33: - | AR33: - | AS33: - | AT33: - | AU33: - | AV33: =VLOOKUP(D33,DATA_SISTEMA!$A$1:$Q$506,12,FALSE) -> LAMBAYEQUE | AW33: =VLOOKUP(D33,DATA_SISTEMA!$A$1:$Q$506,11,FALSE) -> LAMBAYEQUE | AX33: =VLOOKUP(D33,DATA_SISTEMA!$A$1:$Q$506,10,FALSE) -> LAMBAYEQUE | AY33: - | AZ33: 0000-00-00 | BA33: - | BB33: 0000-00-00 | BC33: - | BD33: 0000-00-00 | BE33: - | BF33: @UNPRG.EDU.PE | BG33: 63.1
A34: 33 | B34: AL | C34: EFFIO BUSTAMANTE, JOEL ALBERTO | D34: 72729965 | E34: northsiderecords.26@gmail.com | F34: - | G34: 900794195 | H34: =VLOOKUP(D34,DATA_SISTEMA!$A$1:$Q$506,13,FALSE) -> CA. ANDRES AVELINO CACEREZ 859. URB. DIEGO FERRE | I34: =VLOOKUP(D34,DATA_SISTEMA!$A$1:$Q$506,7,FALSE) -> 1994-04-16 | J34: - | K34: - | L34: - | M34: 269 | N34: 0 | O34: =_xlfn.CONCAT(A34,"0020261X") -> 330020261X | P34: - | Q34: - | R34: 2026-I | S34: IV | T34: =VLOOKUP(D34,DATA_SISTEMA!$A$1:$Q$506,9,FALSE) -> M | U34: A | V34: - | W34: 0000-00-00 | X34: U | Y34: - | Z34: - | AA34: 0000-00-00 | AB34: - | AC34: - | AD34: - | AE34: - | AF34: - | AG34: - | AH34: OR | AI34: JOEL ALBERTO | AJ34: EFFIO | AK34: BUSTAMANTE | AL34: 72729965 | AM34: - | AN34: - | AO34: - | AP34: - | AQ34: - | AR34: - | AS34: - | AT34: - | AU34: - | AV34: =VLOOKUP(D34,DATA_SISTEMA!$A$1:$Q$506,12,FALSE) -> CHICLAYO | AW34: =VLOOKUP(D34,DATA_SISTEMA!$A$1:$Q$506,11,FALSE) -> CHICLAYO | AX34: =VLOOKUP(D34,DATA_SISTEMA!$A$1:$Q$506,10,FALSE) -> LAMBAYEQUE | AY34: - | AZ34: 0000-00-00 | BA34: - | BB34: 0000-00-00 | BC34: - | BD34: 0000-00-00 | BE34: - | BF34: @UNPRG.EDU.PE | BG34: 61.9
A35: 34 | B35: AL | C35: VALDERA CHAFLOQUE, MANUEL OSWALDO | D35: 77036935 | E35: arq.valdera@gmail.com | F35: - | G35: 975822946 | H35: =VLOOKUP(D35,DATA_SISTEMA!$A$1:$Q$506,13,FALSE) -> SOL DE LA ALAMEDA REAL IV DE LAMBAYEQUE | I35: =VLOOKUP(D35,DATA_SISTEMA!$A$1:$Q$506,7,FALSE) -> 1994-09-24 | J35: - | K35: - | L35: - | M35: 269 | N35: 0 | O35: =_xlfn.CONCAT(A35,"0020261X") -> 340020261X | P35: - | Q35: - | R35: 2026-I | S35: IV | T35: =VLOOKUP(D35,DATA_SISTEMA!$A$1:$Q$506,9,FALSE) -> M | U35: A | V35: - | W35: 0000-00-00 | X35: U | Y35: - | Z35: - | AA35: 0000-00-00 | AB35: - | AC35: - | AD35: - | AE35: - | AF35: - | AG35: - | AH35: OR | AI35: MANUEL OSWALDO | AJ35: VALDERA | AK35: CHAFLOQUE | AL35: 77036935 | AM35: - | AN35: - | AO35: - | AP35: - | AQ35: - | AR35: - | AS35: - | AT35: - | AU35: - | AV35: =VLOOKUP(D35,DATA_SISTEMA!$A$1:$Q$506,12,FALSE) -> LAMBAYEQUE | AW35: =VLOOKUP(D35,DATA_SISTEMA!$A$1:$Q$506,11,FALSE) -> LAMBAYEQUE | AX35: =VLOOKUP(D35,DATA_SISTEMA!$A$1:$Q$506,10,FALSE) -> LAMBAYEQUE | AY35: - | AZ35: 0000-00-00 | BA35: - | BB35: 0000-00-00 | BC35: - | BD35: 0000-00-00 | BE35: - | BF35: @UNPRG.EDU.PE | BG35: 61.9
A36: 35 | B36: AL | C36: DIAZ CHICLAYO, SANDRA MELISSA | D36: 47186679 | E36: diazchiclayosm@gmail.com | F36: - | G36: 916705746 | H36: =VLOOKUP(D36,DATA_SISTEMA!$A$1:$Q$506,13,FALSE) -> LAS MAGNOLIAS 440 URB LOS PARQUES | I36: =VLOOKUP(D36,DATA_SISTEMA!$A$1:$Q$506,7,FALSE) -> 1992-04-10 | J36: - | K36: - | L36: - | M36: 269 | N36: 0 | O36: =_xlfn.CONCAT(A36,"0020261X") -> 350020261X | P36: - | Q36: - | R36: 2026-I | S36: IV | T36: =VLOOKUP(D36,DATA_SISTEMA!$A$1:$Q$506,9,FALSE) -> F | U36: A | V36: - | W36: 0000-00-00 | X36: U | Y36: - | Z36: - | AA36: 0000-00-00 | AB36: - | AC36: - | AD36: - | AE36: - | AF36: - | AG36: - | AH36: OR | AI36: SANDRA MELISSA | AJ36: DIAZ | AK36: CHICLAYO | AL36: 47186679 | AM36: - | AN36: - | AO36: - | AP36: - | AQ36: - | AR36: - | AS36: - | AT36: - | AU36: - | AV36: =VLOOKUP(D36,DATA_SISTEMA!$A$1:$Q$506,12,FALSE) -> CHICLAYO | AW36: =VLOOKUP(D36,DATA_SISTEMA!$A$1:$Q$506,11,FALSE) -> CHICLAYO | AX36: =VLOOKUP(D36,DATA_SISTEMA!$A$1:$Q$506,10,FALSE) -> LAMBAYEQUE | AY36: - | AZ36: 0000-00-00 | BA36: - | BB36: 0000-00-00 | BC36: - | BD36: 0000-00-00 | BE36: - | BF36: @UNPRG.EDU.PE | BG36: 60
A37: 36 | B37: AL | C37: CARMONA TORRES, DIEGO ALONSO | D37: 71089422 | E37: carmonad665@gmail.com | F37: - | G37: 997645512 | H37: =VLOOKUP(D37,DATA_SISTEMA!$A$1:$Q$506,13,FALSE) -> JR. CINCO ESQUINAS 1056 | I37: =VLOOKUP(D37,DATA_SISTEMA!$A$1:$Q$506,7,FALSE) -> 2004-02-22 | J37: - | K37: - | L37: - | M37: 269 | N37: 0 | O37: =_xlfn.CONCAT(A37,"0020261X") -> 360020261X | P37: - | Q37: - | R37: 2026-I | S37: IV | T37: =VLOOKUP(D37,DATA_SISTEMA!$A$1:$Q$506,9,FALSE) -> M | U37: A | V37: - | W37: 0000-00-00 | X37: U | Y37: - | Z37: - | AA37: 0000-00-00 | AB37: - | AC37: - | AD37: - | AE37: - | AF37: - | AG37: - | AH37: OR | AI37: DIEGO ALONSO | AJ37: CARMONA | AK37: TORRES | AL37: 71089422 | AM37: - | AN37: - | AO37: - | AP37: - | AQ37: - | AR37: - | AS37: - | AT37: - | AU37: - | AV37: =VLOOKUP(D37,DATA_SISTEMA!$A$1:$Q$506,12,FALSE) -> CAJAMARCA | AW37: =VLOOKUP(D37,DATA_SISTEMA!$A$1:$Q$506,11,FALSE) -> CAJAMARCA | AX37: =VLOOKUP(D37,DATA_SISTEMA!$A$1:$Q$506,10,FALSE) -> CAJAMARCA | AY37: - | AZ37: 0000-00-00 | BA37: - | BB37: 0000-00-00 | BC37: - | BD37: 0000-00-00 | BE37: - | BF37: @UNPRG.EDU.PE | BG37: 59.8
A38: 37 | B38: AL | C38: AREVALO FRIAS, JORDDI JHANDERLY | D38: 71524448 | E38: arevalofrias720@gmail.com | F38: - | G38: 932957667 | H38: =VLOOKUP(D38,DATA_SISTEMA!$A$1:$Q$506,13,FALSE) -> CALLE: JUDA MZ:L LOTE:6 URB.MIRAFLORES II - LAMBAYEQUE – CHICLAYO | I38: =VLOOKUP(D38,DATA_SISTEMA!$A$1:$Q$506,7,FALSE) -> 1994-09-20 | J38: - | K38: - | L38: - | M38: 269 | N38: 0 | O38: =_xlfn.CONCAT(A38,"0020261X") -> 370020261X | P38: - | Q38: - | R38: 2026-I | S38: IV | T38: =VLOOKUP(D38,DATA_SISTEMA!$A$1:$Q$506,9,FALSE) -> M | U38: A | V38: - | W38: 0000-00-00 | X38: U | Y38: - | Z38: - | AA38: 0000-00-00 | AB38: - | AC38: - | AD38: - | AE38: - | AF38: - | AG38: - | AH38: OR | AI38: JORDDI JHANDERLY | AJ38: AREVALO | AK38: FRIAS | AL38: 71524448 | AM38: - | AN38: - | AO38: - | AP38: - | AQ38: - | AR38: - | AS38: - | AT38: - | AU38: - | AV38: =VLOOKUP(D38,DATA_SISTEMA!$A$1:$Q$506,12,FALSE) -> CHICLAYO | AW38: =VLOOKUP(D38,DATA_SISTEMA!$A$1:$Q$506,11,FALSE) -> CHICLAYO | AX38: =VLOOKUP(D38,DATA_SISTEMA!$A$1:$Q$506,10,FALSE) -> LAMBAYEQUE | AY38: - | AZ38: 0000-00-00 | BA38: - | BB38: 0000-00-00 | BC38: - | BD38: 0000-00-00 | BE38: - | BF38: @UNPRG.EDU.PE | BG38: 57.2
A39: 38 | B39: AL | C39: REYES NÚÑEZ, BRENDA SHEILY IMABELLY | D39: 46876752 | E39: brerenu@hotmail.com | F39: - | G39: 976169053 | H39: =VLOOKUP(D39,DATA_SISTEMA!$A$1:$Q$506,13,FALSE) -> URB. DERRAMA MAGISTERIAL MZ I1 LOTE 8 | I39: =VLOOKUP(D39,DATA_SISTEMA!$A$1:$Q$506,7,FALSE) -> 1991-03-24 | J39: - | K39: - | L39: - | M39: 269 | N39: 0 | O39: =_xlfn.CONCAT(A39,"0020261X") -> 380020261X | P39: - | Q39: - | R39: 2026-I | S39: IV | T39: =VLOOKUP(D39,DATA_SISTEMA!$A$1:$Q$506,9,FALSE) -> F | U39: A | V39: - | W39: 0000-00-00 | X39: U | Y39: - | Z39: - | AA39: 0000-00-00 | AB39: - | AC39: - | AD39: - | AE39: - | AF39: - | AG39: - | AH39: OR | AI39: BRENDA SHEILY IMABELLY | AJ39: REYES | AK39: NÚÑEZ | AL39: 46876752 | AM39: - | AN39: - | AO39: - | AP39: - | AQ39: - | AR39: - | AS39: - | AT39: - | AU39: - | AV39: =VLOOKUP(D39,DATA_SISTEMA!$A$1:$Q$506,12,FALSE) -> CHICLAYO | AW39: =VLOOKUP(D39,DATA_SISTEMA!$A$1:$Q$506,11,FALSE) -> CHICLAYO | AX39: =VLOOKUP(D39,DATA_SISTEMA!$A$1:$Q$506,10,FALSE) -> LAMBAYEQUE | AY39: - | AZ39: 0000-00-00 | BA39: - | BB39: 0000-00-00 | BC39: - | BD39: 0000-00-00 | BE39: - | BF39: @UNPRG.EDU.PE | BG39: 57.2
A40: 39 | B40: AL | C40: CESPEDES RINZA, JACKELINE MARGARITA | D40: 75875291 | E40: jackelinecatorce@gmail.com | F40: - | G40: 922815639 | H40: =VLOOKUP(D40,DATA_SISTEMA!$A$1:$Q$506,13,FALSE) -> AV. LUIS ABELARDO TAKAHASHI 669 | I40: =VLOOKUP(D40,DATA_SISTEMA!$A$1:$Q$506,7,FALSE) -> 1996-11-14 | J40: - | K40: - | L40: - | M40: 269 | N40: 0 | O40: =_xlfn.CONCAT(A40,"0020261X") -> 390020261X | P40: - | Q40: - | R40: 2026-I | S40: IV | T40: =VLOOKUP(D40,DATA_SISTEMA!$A$1:$Q$506,9,FALSE) -> F | U40: A | V40: - | W40: 0000-00-00 | X40: U | Y40: - | Z40: - | AA40: 0000-00-00 | AB40: - | AC40: - | AD40: - | AE40: - | AF40: - | AG40: - | AH40: OR | AI40: JACKELINE MARGARITA | AJ40: CESPEDES | AK40: RINZA | AL40: 75875291 | AM40: - | AN40: - | AO40: - | AP40: - | AQ40: - | AR40: - | AS40: - | AT40: - | AU40: - | AV40: =VLOOKUP(D40,DATA_SISTEMA!$A$1:$Q$506,12,FALSE) -> FERREÑAFE | AW40: =VLOOKUP(D40,DATA_SISTEMA!$A$1:$Q$506,11,FALSE) -> FERREÑAFE | AX40: =VLOOKUP(D40,DATA_SISTEMA!$A$1:$Q$506,10,FALSE) -> LAMBAYEQUE | AY40: - | AZ40: 0000-00-00 | BA40: - | BB40: 0000-00-00 | BC40: - | BD40: 0000-00-00 | BE40: - | BF40: @UNPRG.EDU.PE | BG40: 57.1
A41: 40 | B41: AL | C41: HUILLCA BRIONES, DAVID ELKY GUILLERMO | D41: 47409507 | E41: ghuillca2@gmail.com | F41: - | G41: 995782624 | H41: =VLOOKUP(D41,DATA_SISTEMA!$A$1:$Q$506,13,FALSE) -> ELIAS AGUIRRE 947 | I41: =VLOOKUP(D41,DATA_SISTEMA!$A$1:$Q$506,7,FALSE) -> 1991-08-18 | J41: - | K41: - | L41: - | M41: 269 | N41: 0 | O41: =_xlfn.CONCAT(A41,"0020261X") -> 400020261X | P41: - | Q41: - | R41: 2026-I | S41: IV | T41: =VLOOKUP(D41,DATA_SISTEMA!$A$1:$Q$506,9,FALSE) -> M | U41: A | V41: - | W41: 0000-00-00 | X41: U | Y41: - | Z41: - | AA41: 0000-00-00 | AB41: - | AC41: - | AD41: - | AE41: - | AF41: - | AG41: - | AH41: OR | AI41: DAVID ELKY GUILLERMO | AJ41: HUILLCA | AK41: BRIONES | AL41: 47409507 | AM41: - | AN41: - | AO41: - | AP41: - | AQ41: - | AR41: - | AS41: - | AT41: - | AU41: - | AV41: =VLOOKUP(D41,DATA_SISTEMA!$A$1:$Q$506,12,FALSE) -> CHICLAYO | AW41: =VLOOKUP(D41,DATA_SISTEMA!$A$1:$Q$506,11,FALSE) -> CHICLAYO | AX41: =VLOOKUP(D41,DATA_SISTEMA!$A$1:$Q$506,10,FALSE) -> LAMBAYEQUE | AY41: - | AZ41: 0000-00-00 | BA41: - | BB41: 0000-00-00 | BC41: - | BD41: 0000-00-00 | BE41: - | BF41: @UNPRG.EDU.PE | BG41: 47.5
A42: 41 | B42: AL | C42: TANTALEAN RUIZ, ELMER ENRIQUE | D42: 76458509 | E42: etantaleanr@unprg.edu.pe | F42: - | G42: 996103952 | H42: =VLOOKUP(D42,DATA_SISTEMA!$A$1:$Q$506,13,FALSE) -> SIMÓN BOLIVAR MZ5 LT3 – CHICLAYO, CHICLAYO, LAMBAYEQUE | I42: =VLOOKUP(D42,DATA_SISTEMA!$A$1:$Q$506,7,FALSE) -> 2001-07-21 | J42: - | K42: - | L42: - | M42: 26 | N42: 0 | O42: =_xlfn.CONCAT(A42,"0020261X") -> 410020261X | P42: - | Q42: - | R42: 2026-I | S42: XIII | T42: =VLOOKUP(D42,DATA_SISTEMA!$A$1:$Q$506,9,FALSE) -> M | U42: A | V42: - | W42: 0000-00-00 | X42: U | Y42: - | Z42: - | AA42: 0000-00-00 | AB42: - | AC42: - | AD42: - | AE42: - | AF42: - | AG42: - | AH42: OR | AI42: ELMER ENRIQUE | AJ42: TANTALEAN | AK42: RUIZ | AL42: 76458509 | AM42: - | AN42: - | AO42: - | AP42: - | AQ42: - | AR42: - | AS42: - | AT42: - | AU42: - | AV42: =VLOOKUP(D42,DATA_SISTEMA!$A$1:$Q$506,12,FALSE) -> CHICLAYO | AW42: =VLOOKUP(D42,DATA_SISTEMA!$A$1:$Q$506,11,FALSE) -> CHICLAYO | AX42: =VLOOKUP(D42,DATA_SISTEMA!$A$1:$Q$506,10,FALSE) -> LAMBAYEQUE | AY42: - | AZ42: 0000-00-00 | BA42: - | BB42: 0000-00-00 | BC42: - | BD42: 0000-00-00 | BE42: - | BF42: @UNPRG.EDU.PE | BG42: 84.5
A43: 42 | B43: AL | C43: VELA REQUEJO, LUIS GUSTAVO | D43: 46445208 | E43: vela.ing@hotmail.com | F43: - | G43: 977956362 | H43: =VLOOKUP(D43,DATA_SISTEMA!$A$1:$Q$506,13,FALSE) -> CALLE MANTARO 250, PJ SAN NICOLAS | I43: =VLOOKUP(D43,DATA_SISTEMA!$A$1:$Q$506,7,FALSE) -> 1989-03-08 | J43: - | K43: - | L43: - | M43: 26 | N43: 0 | O43: =_xlfn.CONCAT(A43,"0020261X") -> 420020261X | P43: - | Q43: - | R43: 2026-I | S43: XIII | T43: =VLOOKUP(D43,DATA_SISTEMA!$A$1:$Q$506,9,FALSE) -> M | U43: A | V43: - | W43: 0000-00-00 | X43: U | Y43: - | Z43: - | AA43: 0000-00-00 | AB43: - | AC43: - | AD43: - | AE43: - | AF43: - | AG43: - | AH43: OR | AI43: LUIS GUSTAVO | AJ43: VELA | AK43: REQUEJO | AL43: 46445208 | AM43: - | AN43: - | AO43: - | AP43: - | AQ43: - | AR43: - | AS43: - | AT43: - | AU43: - | AV43: =VLOOKUP(D43,DATA_SISTEMA!$A$1:$Q$506,12,FALSE) -> CHICLAYO | AW43: =VLOOKUP(D43,DATA_SISTEMA!$A$1:$Q$506,11,FALSE) -> CHICLAYO | AX43: =VLOOKUP(D43,DATA_SISTEMA!$A$1:$Q$506,10,FALSE) -> LAMBAYEQUE | AY43: - | AZ43: 0000-00-00 | BA43: - | BB43: 0000-00-00 | BC43: - | BD43: 0000-00-00 | BE43: - | BF43: @UNPRG.EDU.PE | BG43: 80.5
A44: 43 | B44: AL | C44: ARCE GARCIA, BAYRON EDINSON | D44: 70382269 | E44: ING.BAYRONARCE@GMAIL.COM | F44: - | G44: 906607662 | H44: =VLOOKUP(D44,DATA_SISTEMA!$A$1:$Q$506,13,FALSE) -> JIRON SANTA ROSA 310 | I44: =VLOOKUP(D44,DATA_SISTEMA!$A$1:$Q$506,7,FALSE) -> 1995-10-25 | J44: - | K44: - | L44: - | M44: 26 | N44: 0 | O44: =_xlfn.CONCAT(A44,"0020261X") -> 430020261X | P44: - | Q44: - | R44: 2026-I | S44: XIII | T44: =VLOOKUP(D44,DATA_SISTEMA!$A$1:$Q$506,9,FALSE) -> M | U44: A | V44: - | W44: 0000-00-00 | X44: U | Y44: - | Z44: - | AA44: 0000-00-00 | AB44: - | AC44: - | AD44: - | AE44: - | AF44: - | AG44: - | AH44: OR | AI44: BAYRON EDINSON | AJ44: ARCE | AK44: GARCIA | AL44: 70382269 | AM44: - | AN44: - | AO44: - | AP44: - | AQ44: - | AR44: - | AS44: - | AT44: - | AU44: - | AV44: =VLOOKUP(D44,DATA_SISTEMA!$A$1:$Q$506,12,FALSE) -> SANTA CRUZ | AW44: =VLOOKUP(D44,DATA_SISTEMA!$A$1:$Q$506,11,FALSE) -> SANTA CRUZ | AX44: =VLOOKUP(D44,DATA_SISTEMA!$A$1:$Q$506,10,FALSE) -> CAJAMARCA | AY44: - | AZ44: 0000-00-00 | BA44: - | BB44: 0000-00-00 | BC44: - | BD44: 0000-00-00 | BE44: - | BF44: @UNPRG.EDU.PE | BG44: 77.5
... A168: 167 | B168: AL | C168: CHINCHAYAN BARRENECHEA, MARIO JESUS | D168: 73262781 | E168: mariojcb1910@gmail.com | F168: - | G168: 910201305 | H168: =VLOOKUP(D168,DATA_SISTEMA!$A$1:$Q$506,13,FALSE) -> CALLE SAN MARTIN N° 616 | I168: =VLOOKUP(D168,DATA_SISTEMA!$A$1:$Q$506,7,FALSE) -> 1992-10-19 | J168: - | K168: - | L168: - | M168: 318 | N168: 0 | O168: =_xlfn.CONCAT(A168,"0020261X") -> 1670020261X | P168: - | Q168: - | R168: 2026-I | S168: III | T168: =VLOOKUP(D168,DATA_SISTEMA!$A$1:$Q$506,9,FALSE) -> M | U168: A | V168: - | W168: 0000-00-00 | X168: U | Y168: - | Z168: - | AA168: 0000-00-00 | AB168: - | AC168: - | AD168: - | AE168: - | AF168: - | AG168: - | AH168: OR | AI168: MARIO JESUS | AJ168: CHINCHAYAN | AK168: BARRENECHEA | AL168: 73262781 | AM168: - | AN168: - | AO168: - | AP168: - | AQ168: - | AR168: - | AS168: - | AT168: - | AU168: - | AV168: =VLOOKUP(D168,DATA_SISTEMA!$A$1:$Q$506,12,FALSE) -> LAMBAYEQUE | AW168: =VLOOKUP(D168,DATA_SISTEMA!$A$1:$Q$506,11,FALSE) -> LAMBAYEQUE | AX168: =VLOOKUP(D168,DATA_SISTEMA!$A$1:$Q$506,10,FALSE) -> LAMBAYEQUE | AY168: - | AZ168: 0000-00-00 | BA168: - | BB168: 0000-00-00 | BC168: - | BD168: 0000-00-00 | BE168: - | BF168: @UNPRG.EDU.PE | BG168: 71.9
A169: 168 | B169: AL | C169: VELASQUEZ SAAVEDRA, ROGER JAVIER | D169: 3886801 | E169: rogervelasquezsaavedra@gmail.com | F169: - | G169: 947495718 | H169: =VLOOKUP(D169,DATA_SISTEMA!$A$1:$Q$506,13,FALSE) -> CONDOMINIOS LOS PARQUES DE SAN GABRIEL - DPTO.501- TORRE 31 | I169: =VLOOKUP(D169,DATA_SISTEMA!$A$1:$Q$506,7,FALSE) -> 1973-08-22 | J169: - | K169: - | L169: - | M169: 318 | N169: 0 | O169: =_xlfn.CONCAT(A169,"0020261X") -> 1680020261X | P169: - | Q169: - | R169: 2026-I | S169: III | T169: =VLOOKUP(D169,DATA_SISTEMA!$A$1:$Q$506,9,FALSE) -> M | U169: A | V169: - | W169: 0000-00-00 | X169: U | Y169: - | Z169: - | AA169: 0000-00-00 | AB169: - | AC169: - | AD169: - | AE169: - | AF169: - | AG169: - | AH169: OR | AI169: ROGER JAVIER | AJ169: VELASQUEZ | AK169: SAAVEDRA | AL169: 03886801 | AM169: - | AN169: - | AO169: - | AP169: - | AQ169: - | AR169: - | AS169: - | AT169: - | AU169: - | AV169: =VLOOKUP(D169,DATA_SISTEMA!$A$1:$Q$506,12,FALSE) -> CHICLAYO | AW169: =VLOOKUP(D169,DATA_SISTEMA!$A$1:$Q$506,11,FALSE) -> CHICLAYO | AX169: =VLOOKUP(D169,DATA_SISTEMA!$A$1:$Q$506,10,FALSE) -> LAMBAYEQUE | AY169: - | AZ169: 0000-00-00 | BA169: - | BB169: 0000-00-00 | BC169: - | BD169: 0000-00-00 | BE169: - | BF169: @UNPRG.EDU.PE | BG169: 71.9
A170: 169 | B170: AL | C170: SAAVEDRA AGUILAR, RAUL CRISTHIAN | D170: 47248891 | E170: raulcristhians@gmail.com | F170: - | G170: 940115835 | H170: =VLOOKUP(D170,DATA_SISTEMA!$A$1:$Q$506,13,FALSE) -> AV. BALTA 1793 - CHICLAYO | I170: =VLOOKUP(D170,DATA_SISTEMA!$A$1:$Q$506,7,FALSE) -> 1992-09-03 | J170: - | K170: - | L170: - | M170: 318 | N170: 0 | O170: =_xlfn.CONCAT(A170,"0020261X") -> 1690020261X | P170: - | Q170: - | R170: 2026-I | S170: III | T170: =VLOOKUP(D170,DATA_SISTEMA!$A$1:$Q$506,9,FALSE) -> M | U170: A | V170: - | W170: 0000-00-00 | X170: U | Y170: - | Z170: - | AA170: 0000-00-00 | AB170: - | AC170: - | AD170: - | AE170: - | AF170: - | AG170: - | AH170: OR | AI170: RAUL CRISTHIAN | AJ170: SAAVEDRA | AK170: AGUILAR | AL170: 47248891 | AM170: - | AN170: - | AO170: - | AP170: - | AQ170: - | AR170: - | AS170: - | AT170: - | AU170: - | AV170: =VLOOKUP(D170,DATA_SISTEMA!$A$1:$Q$506,12,FALSE) -> CHICLAYO | AW170: =VLOOKUP(D170,DATA_SISTEMA!$A$1:$Q$506,11,FALSE) -> CHICLAYO | AX170: =VLOOKUP(D170,DATA_SISTEMA!$A$1:$Q$506,10,FALSE) -> LAMBAYEQUE | AY170: - | AZ170: 0000-00-00 | BA170: - | BB170: 0000-00-00 | BC170: - | BD170: 0000-00-00 | BE170: - | BF170: @UNPRG.EDU.PE | BG170: 71
A171: 170 | B171: AL | C171: ASALDE YUPTON, MIGUEL ANGEL | D171: 43984489 | E171: masalde@unprg.edu.pe | F171: - | G171: 928228502 | H171: =VLOOKUP(D171,DATA_SISTEMA!$A$1:$Q$506,13,FALSE) -> BACA MATTOS 602 - URBANZACION MIRAFLORES | I171: =VLOOKUP(D171,DATA_SISTEMA!$A$1:$Q$506,7,FALSE) -> 1986-05-02 | J171: - | K171: - | L171: - | M171: 318 | N171: 0 | O171: =_xlfn.CONCAT(A171,"0020261X") -> 1700020261X | P171: - | Q171: - | R171: 2026-I | S171: III | T171: =VLOOKUP(D171,DATA_SISTEMA!$A$1:$Q$506,9,FALSE) -> M | U171: A | V171: - | W171: 0000-00-00 | X171: U | Y171: - | Z171: - | AA171: 0000-00-00 | AB171: - | AC171: - | AD171: - | AE171: - | AF171: - | AG171: - | AH171: OR | AI171: MIGUEL ANGEL | AJ171: ASALDE | AK171: YUPTON | AL171: 43984489 | AM171: - | AN171: - | AO171: - | AP171: - | AQ171: - | AR171: - | AS171: - | AT171: - | AU171: - | AV171: =VLOOKUP(D171,DATA_SISTEMA!$A$1:$Q$506,12,FALSE) -> LAMBAYEQUE | AW171: =VLOOKUP(D171,DATA_SISTEMA!$A$1:$Q$506,11,FALSE) -> LAMBAYEQUE | AX171: =VLOOKUP(D171,DATA_SISTEMA!$A$1:$Q$506,10,FALSE) -> LAMBAYEQUE | AY171: - | AZ171: 0000-00-00 | BA171: - | BB171: 0000-00-00 | BC171: - | BD171: 0000-00-00 | BE171: - | BF171: @UNPRG.EDU.PE | BG171: 70.5
A172: 171 | B172: AL | C172: CHUMIOQUE CHARCAPE, MYRIAN JESUS | D172: 71077059 | E172: miriam04leo@gmail.com | F172: - | G172: 936794282 | H172: =VLOOKUP(D172,DATA_SISTEMA!$A$1:$Q$506,13,FALSE) -> JR. SAN MARTIN 568 MIRAFLORES ALTO 568 | I172: =VLOOKUP(D172,DATA_SISTEMA!$A$1:$Q$506,7,FALSE) -> 2000-08-04 | J172: - | K172: - | L172: - | M172: 318 | N172: 0 | O172: =_xlfn.CONCAT(A172,"0020261X") -> 1710020261X | P172: - | Q172: - | R172: 2026-I | S172: III | T172: =VLOOKUP(D172,DATA_SISTEMA!$A$1:$Q$506,9,FALSE) -> F | U172: A | V172: - | W172: 0000-00-00 | X172: U | Y172: - | Z172: - | AA172: 0000-00-00 | AB172: - | AC172: - | AD172: - | AE172: - | AF172: - | AG172: - | AH172: OR | AI172: MYRIAN JESUS | AJ172: CHUMIOQUE | AK172: CHARCAPE | AL172: 71077059 | AM172: - | AN172: - | AO172: - | AP172: - | AQ172: - | AR172: - | AS172: - | AT172: - | AU172: - | AV172: =VLOOKUP(D172,DATA_SISTEMA!$A$1:$Q$506,12,FALSE) -> CHIMBOTE | AW172: =VLOOKUP(D172,DATA_SISTEMA!$A$1:$Q$506,11,FALSE) -> SANTA | AX172: =VLOOKUP(D172,DATA_SISTEMA!$A$1:$Q$506,10,FALSE) -> ANCASH | AY172: - | AZ172: 0000-00-00 | BA172: - | BB172: 0000-00-00 | BC172: - | BD172: 0000-00-00 | BE172: - | BF172: @UNPRG.EDU.PE | BG172: 69.9
A173: 172 | B173: AL | C173: ADRIANZEN FLORES, JEAN MARCOS | D173: 72023455 | E173: jeanmarcosadrianzenflores@gmail.com | F173: - | G173: 926104720 | H173: =VLOOKUP(D173,DATA_SISTEMA!$A$1:$Q$506,13,FALSE) -> CALLE LOS CHASQUIS N°350 - EL HUITO | I173: =VLOOKUP(D173,DATA_SISTEMA!$A$1:$Q$506,7,FALSE) -> 2000-02-07 | J173: - | K173: - | L173: - | M173: 318 | N173: 0 | O173: =_xlfn.CONCAT(A173,"0020261X") -> 1720020261X | P173: - | Q173: - | R173: 2026-I | S173: III | T173: =VLOOKUP(D173,DATA_SISTEMA!$A$1:$Q$506,9,FALSE) -> M | U173: A | V173: - | W173: 0000-00-00 | X173: U | Y173: - | Z173: - | AA173: 0000-00-00 | AB173: - | AC173: - | AD173: - | AE173: - | AF173: - | AG173: - | AH173: OR | AI173: JEAN MARCOS | AJ173: ADRIANZEN | AK173: FLORES | AL173: 72023455 | AM173: - | AN173: - | AO173: - | AP173: - | AQ173: - | AR173: - | AS173: - | AT173: - | AU173: - | AV173: =VLOOKUP(D173,DATA_SISTEMA!$A$1:$Q$506,12,FALSE) -> JAEN | AW173: =VLOOKUP(D173,DATA_SISTEMA!$A$1:$Q$506,11,FALSE) -> JAEN | AX173: =VLOOKUP(D173,DATA_SISTEMA!$A$1:$Q$506,10,FALSE) -> CAJAMARCA | AY173: - | AZ173: 0000-00-00 | BA173: - | BB173: 0000-00-00 | BC173: - | BD173: 0000-00-00 | BE173: - | BF173: @UNPRG.EDU.PE | BG173: 69.1
A174: 173 | B174: AL | C174: ZEÑA SAMPEN, JOSE ERNESTO | D174: 44197041 | E174: ernestozena@gmail.com | F174: - | G174: 966243348 | H174: =VLOOKUP(D174,DATA_SISTEMA!$A$1:$Q$506,13,FALSE) -> CALLE MANUEL PARDO 674 URB. SAN LUIS | I174: =VLOOKUP(D174,DATA_SISTEMA!$A$1:$Q$506,7,FALSE) -> 1987-04-08 | J174: - | K174: - | L174: - | M174: 318 | N174: 0 | O174: =_xlfn.CONCAT(A174,"0020261X") -> 1730020261X | P174: - | Q174: - | R174: 2026-I | S174: III | T174: =VLOOKUP(D174,DATA_SISTEMA!$A$1:$Q$506,9,FALSE) -> M | U174: A | V174: - | W174: 0000-00-00 | X174: U | Y174: - | Z174: - | AA174: 0000-00-00 | AB174: - | AC174: - | AD174: - | AE174: - | AF174: - | AG174: - | AH174: OR | AI174: JOSE ERNESTO | AJ174: ZEÑA | AK174: SAMPEN | AL174: 44197041 | AM174: - | AN174: - | AO174: - | AP174: - | AQ174: - | AR174: - | AS174: - | AT174: - | AU174: - | AV174: =VLOOKUP(D174,DATA_SISTEMA!$A$1:$Q$506,12,FALSE) -> CHICLAYO | AW174: =VLOOKUP(D174,DATA_SISTEMA!$A$1:$Q$506,11,FALSE) -> CHICLAYO | AX174: =VLOOKUP(D174,DATA_SISTEMA!$A$1:$Q$506,10,FALSE) -> LAMBAYEQUE | AY174: - | AZ174: 0000-00-00 | BA174: - | BB174: 0000-00-00 | BC174: - | BD174: 0000-00-00 | BE174: - | BF174: @UNPRG.EDU.PE | BG174: 69
A175: 174 | B175: AL | C175: MARCHENA CAICAY, FABIOLA MARDELI | D175: 45401537 | E175: fabiomardelly@gmail.com | F175: - | G175: 943749457 | H175: =VLOOKUP(D175,DATA_SISTEMA!$A$1:$Q$506,13,FALSE) -> AV. AREQUIPA NORTE 324 | I175: =VLOOKUP(D175,DATA_SISTEMA!$A$1:$Q$506,7,FALSE) -> 1988-09-26 | J175: - | K175: - | L175: - | M175: 318 | N175: 0 | O175: =_xlfn.CONCAT(A175,"0020261X") -> 1740020261X | P175: - | Q175: - | R175: 2026-I | S175: III | T175: =VLOOKUP(D175,DATA_SISTEMA!$A$1:$Q$506,9,FALSE) -> F | U175: A | V175: - | W175: 0000-00-00 | X175: U | Y175: - | Z175: - | AA175: 0000-00-00 | AB175: - | AC175: - | AD175: - | AE175: - | AF175: - | AG175: - | AH175: OR | AI175: FABIOLA MARDELI | AJ175: MARCHENA | AK175: CAICAY | AL175: 45401537 | AM175: - | AN175: - | AO175: - | AP175: - | AQ175: - | AR175: - | AS175: - | AT175: - | AU175: - | AV175: =VLOOKUP(D175,DATA_SISTEMA!$A$1:$Q$506,12,FALSE) -> CHICLAYO | AW175: =VLOOKUP(D175,DATA_SISTEMA!$A$1:$Q$506,11,FALSE) -> CHICLAYO | AX175: =VLOOKUP(D175,DATA_SISTEMA!$A$1:$Q$506,10,FALSE) -> LAMBAYEQUE | AY175: - | AZ175: 0000-00-00 | BA175: - | BB175: 0000-00-00 | BC175: - | BD175: 0000-00-00 | BE175: - | BF175: @UNPRG.EDU.PE | BG175: 68.5
A176: 175 | B176: AL | C176: RAMIREZ RAMIREZ, LEIDY RUTH | D176: 47660655 | E176: leidycomunicaciones20@gmail.com | F176: - | G176: 969945719 | H176: =VLOOKUP(D176,DATA_SISTEMA!$A$1:$Q$506,13,FALSE) -> JR. SAN MARTIN | I176: =VLOOKUP(D176,DATA_SISTEMA!$A$1:$Q$506,7,FALSE) -> 1993-02-26 | J176: - | K176: - | L176: - | M176: 318 | N176: 0 | O176: =_xlfn.CONCAT(A176,"0020261X") -> 1750020261X | P176: - | Q176: - | R176: 2026-I | S176: III | T176: =VLOOKUP(D176,DATA_SISTEMA!$A$1:$Q$506,9,FALSE) -> F | U176: A | V176: - | W176: 0000-00-00 | X176: U | Y176: - | Z176: - | AA176: 0000-00-00 | AB176: - | AC176: - | AD176: - | AE176: - | AF176: - | AG176: - | AH176: OR | AI176: LEIDY RUTH | AJ176: RAMIREZ | AK176: RAMIREZ | AL176: 47660655 | AM176: - | AN176: - | AO176: - | AP176: - | AQ176: - | AR176: - | AS176: - | AT176: - | AU176: - | AV176: =VLOOKUP(D176,DATA_SISTEMA!$A$1:$Q$506,12,FALSE) -> LA COIPA | AW176: =VLOOKUP(D176,DATA_SISTEMA!$A$1:$Q$506,11,FALSE) -> SAN IGNACIO | AX176: =VLOOKUP(D176,DATA_SISTEMA!$A$1:$Q$506,10,FALSE) -> CAJAMARCA | AY176: - | AZ176: 0000-00-00 | BA176: - | BB176: 0000-00-00 | BC176: - | BD176: 0000-00-00 | BE176: - | BF176: @UNPRG.EDU.PE | BG176: 68.5
A177: 176 | B177: AL | C177: IZQUIERDO ZELADA, GIANMARCOS | D177: 47289823 | E177: ing.izquierdozeladagianmarcos@gmail.com | F177: - | G177: 949630670 | H177: =VLOOKUP(D177,DATA_SISTEMA!$A$1:$Q$506,13,FALSE) -> AV. EXEQUIEL GONZALES CÁCEDA 1231 | I177: =VLOOKUP(D177,DATA_SISTEMA!$A$1:$Q$506,7,FALSE) -> 1992-08-28 | J177: - | K177: - | L177: - | M177: 318 | N177: 0 | O177: =_xlfn.CONCAT(A177,"0020261X") -> 1760020261X | P177: - | Q177: - | R177: 2026-I | S177: III | T177: =VLOOKUP(D177,DATA_SISTEMA!$A$1:$Q$506,9,FALSE) -> M | U177: A | V177: - | W177: 0000-00-00 | X177: U | Y177: - | Z177: - | AA177: 0000-00-00 | AB177: - | AC177: - | AD177: - | AE177: - | AF177: - | AG177: - | AH177: OR | AI177: GIANMARCOS | AJ177: IZQUIERDO | AK177: ZELADA | AL177: 47289823 | AM177: - | AN177: - | AO177: - | AP177: - | AQ177: - | AR177: - | AS177: - | AT177: - | AU177: - | AV177: =VLOOKUP(D177,DATA_SISTEMA!$A$1:$Q$506,12,FALSE) -> CHEPEN | AW177: =VLOOKUP(D177,DATA_SISTEMA!$A$1:$Q$506,11,FALSE) -> CHEPEN | AX177: =VLOOKUP(D177,DATA_SISTEMA!$A$1:$Q$506,10,FALSE) -> LA LIBERTAD | AY177: - | AZ177: 0000-00-00 | BA177: - | BB177: 0000-00-00 | BC177: - | BD177: 0000-00-00 | BE177: - | BF177: @UNPRG.EDU.PE | BG177: 68.2
A178: 177 | B178: AL | C178: CASTILLO OROZCO, JUAN MANUEL | D178: 70473446 | E178: manuco010198@gmail.com | F178: - | G178: 981228668 | H178: =VLOOKUP(D178,DATA_SISTEMA!$A$1:$Q$506,13,FALSE) -> INCA ATAHUALPA #496 - MOTUPE | I178: =VLOOKUP(D178,DATA_SISTEMA!$A$1:$Q$506,7,FALSE) -> 1998-01-01 | J178: - | K178: - | L178: - | M178: 318 | N178: 0 | O178: =_xlfn.CONCAT(A178,"0020261X") -> 1770020261X | P178: - | Q178: - | R178: 2026-I | S178: III | T178: =VLOOKUP(D178,DATA_SISTEMA!$A$1:$Q$506,9,FALSE) -> M | U178: A | V178: - | W178: 0000-00-00 | X178: U | Y178: - | Z178: - | AA178: 0000-00-00 | AB178: - | AC178: - | AD178: - | AE178: - | AF178: - | AG178: - | AH178: OR | AI178: JUAN MANUEL | AJ178: CASTILLO | AK178: OROZCO | AL178: 70473446 | AM178: - | AN178: - | AO178: - | AP178: - | AQ178: - | AR178: - | AS178: - | AT178: - | AU178: - | AV178: =VLOOKUP(D178,DATA_SISTEMA!$A$1:$Q$506,12,FALSE) -> MOTUPE | AW178: =VLOOKUP(D178,DATA_SISTEMA!$A$1:$Q$506,11,FALSE) -> LAMBAYEQUE | AX178: =VLOOKUP(D178,DATA_SISTEMA!$A$1:$Q$506,10,FALSE) -> LAMBAYEQUE | AY178: - | AZ178: 0000-00-00 | BA178: - | BB178: 0000-00-00 | BC178: - | BD178: 0000-00-00 | BE178: - | BF178: @UNPRG.EDU.PE | BG178: 68
A179: 178 | B179: AL | C179: GUTIERREZ BALTAZAR, LIZETH MARGOTH | D179: 60893958 | E179: liz.got7.miracle@gmail.com | F179: - | G179: 930738695 | H179: =VLOOKUP(D179,DATA_SISTEMA!$A$1:$Q$506,13,FALSE) -> AA. HH. NUEVO EDEN MZ. B LT. 5 | I179: =VLOOKUP(D179,DATA_SISTEMA!$A$1:$Q$506,7,FALSE) -> 2000-10-01 | J179: - | K179: - | L179: - | M179: 318 | N179: 0 | O179: =_xlfn.CONCAT(A179,"0020261X") -> 1780020261X | P179: - | Q179: - | R179: 2026-I | S179: III | T179: =VLOOKUP(D179,DATA_SISTEMA!$A$1:$Q$506,9,FALSE) -> F | U179: A | V179: - | W179: 0000-00-00 | X179: U | Y179: - | Z179: - | AA179: 0000-00-00 | AB179: - | AC179: - | AD179: - | AE179: - | AF179: - | AG179: - | AH179: OR | AI179: LIZETH MARGOTH | AJ179: GUTIERREZ | AK179: BALTAZAR | AL179: 60893958 | AM179: - | AN179: - | AO179: - | AP179: - | AQ179: - | AR179: - | AS179: - | AT179: - | AU179: - | AV179: =VLOOKUP(D179,DATA_SISTEMA!$A$1:$Q$506,12,FALSE) -> CHIMBOTE | AW179: =VLOOKUP(D179,DATA_SISTEMA!$A$1:$Q$506,11,FALSE) -> SANTA | AX179: =VLOOKUP(D179,DATA_SISTEMA!$A$1:$Q$506,10,FALSE) -> ANCASH | AY179: - | AZ179: 0000-00-00 | BA179: - | BB179: 0000-00-00 | BC179: - | BD179: 0000-00-00 | BE179: - | BF179: @UNPRG.EDU.PE | BG179: 68
A180: 179 | B180: AL | C180: SOSA RUBIÑOS, MAITE NAYELI DEL MILAGRO | D180: 72482012 | E180: Msosar@unprg.edu.pe | F180: - | G180: 920737473 | H180: =VLOOKUP(D180,DATA_SISTEMA!$A$1:$Q$506,13,FALSE) -> AV PACHACUTEC 1261 | I180: =VLOOKUP(D180,DATA_SISTEMA!$A$1:$Q$506,7,FALSE) -> 2001-10-26 | J180: - | K180: - | L180: - | M180: 318 | N180: 0 | O180: =_xlfn.CONCAT(A180,"0020261X") -> 1790020261X | P180: - | Q180: - | R180: 2026-I | S180: III | T180: =VLOOKUP(D180,DATA_SISTEMA!$A$1:$Q$506,9,FALSE) -> F | U180: A | V180: - | W180: 0000-00-00 | X180: U | Y180: - | Z180: - | AA180: 0000-00-00 | AB180: - | AC180: - | AD180: - | AE180: - | AF180: - | AG180: - | AH180: OR | AI180: MAITE NAYELI DEL MILAGRO | AJ180: SOSA | AK180: RUBIÑOS | AL180: 72482012 | AM180: - | AN180: - | AO180: - | AP180: - | AQ180: - | AR180: - | AS180: - | AT180: - | AU180: - | AV180: =VLOOKUP(D180,DATA_SISTEMA!$A$1:$Q$506,12,FALSE) -> LA VICTORIA | AW180: =VLOOKUP(D180,DATA_SISTEMA!$A$1:$Q$506,11,FALSE) -> CHICLAYO | AX180: =VLOOKUP(D180,DATA_SISTEMA!$A$1:$Q$506,10,FALSE) -> LAMBAYEQUE | AY180: - | AZ180: 0000-00-00 | BA180: - | BB180: 0000-00-00 | BC180: - | BD180: 0000-00-00 | BE180: - | BF180: @UNPRG.EDU.PE | BG180: 68
A181: 180 | B181: AL | C181: VENTURA CARDENAS, CELESTE LIZETH | D181: 46043232 | E181: celestelizethventuracardenas@gmail.com | F181: - | G181: 933961193 | H181: =VLOOKUP(D181,DATA_SISTEMA!$A$1:$Q$506,13,FALSE) -> AV. WILFREDO VALDIVIEZO 144 URB. LA PRIMAVERA II ETAPA CHICLAYO | I181: =VLOOKUP(D181,DATA_SISTEMA!$A$1:$Q$506,7,FALSE) -> 1989-11-05 | J181: - | K181: - | L181: - | M181: 318 | N181: 0 | O181: =_xlfn.CONCAT(A181,"0020261X") -> 1800020261X | P181: - | Q181: - | R181: 2026-I | S181: III | T181: =VLOOKUP(D181,DATA_SISTEMA!$A$1:$Q$506,9,FALSE) -> F | U181: A | V181: - | W181: 0000-00-00 | X181: U | Y181: - | Z181: - | AA181: 0000-00-00 | AB181: - | AC181: - | AD181: - | AE181: - | AF181: - | AG181: - | AH181: OR | AI181: CELESTE LIZETH | AJ181: VENTURA | AK181: CARDENAS | AL181: 46043232 | AM181: - | AN181: - | AO181: - | AP181: - | AQ181: - | AR181: - | AS181: - | AT181: - | AU181: - | AV181: =VLOOKUP(D181,DATA_SISTEMA!$A$1:$Q$506,12,FALSE) -> CHICLAYO | AW181: =VLOOKUP(D181,DATA_SISTEMA!$A$1:$Q$506,11,FALSE) -> CHICLAYO | AX181: =VLOOKUP(D181,DATA_SISTEMA!$A$1:$Q$506,10,FALSE) -> LAMBAYEQUE | AY181: - | AZ181: 0000-00-00 | BA181: - | BB181: 0000-00-00 | BC181: - | BD181: 0000-00-00 | BE181: - | BF181: @UNPRG.EDU.PE | BG181: 67.9
... A205: 204 | B205: AL | C205: DAMIAN ESPINO, JULIO EDGAR | D205: 16774611 | E205: jdaviddamian2803@gmail.com | F205: - | G205: 952809556 | H205: =VLOOKUP(D205,DATA_SISTEMA!$A$1:$Q$506,13,FALSE) -> CARLOS STEIN MZ I , LT 18, JOSÉ LEONARDO ORTIZ | I205: =VLOOKUP(D205,DATA_SISTEMA!$A$1:$Q$506,7,FALSE) -> 1973-08-04 | J205: - | K205: - | L205: - | M205: 318 | N205: 0 | O205: =_xlfn.CONCAT(A205,"0020261X") -> 2040020261X | P205: - | Q205: - | R205: 2026-I | S205: III | T205: =VLOOKUP(D205,DATA_SISTEMA!$A$1:$Q$506,9,FALSE) -> M | U205: A | V205: - | W205: 0000-00-00 | X205: U | Y205: - | Z205: - | AA205: 0000-00-00 | AB205: - | AC205: - | AD205: - | AE205: - | AF205: - | AG205: - | AH205: OR | AI205: JULIO EDGAR | AJ205: DAMIAN | AK205: ESPINO | AL205: 16774611 | AM205: - | AN205: - | AO205: - | AP205: - | AQ205: - | AR205: - | AS205: - | AT205: - | AU205: - | AV205: =VLOOKUP(D205,DATA_SISTEMA!$A$1:$Q$506,12,FALSE) -> PICSI | AW205: =VLOOKUP(D205,DATA_SISTEMA!$A$1:$Q$506,11,FALSE) -> CHICLAYO | AX205: =VLOOKUP(D205,DATA_SISTEMA!$A$1:$Q$506,10,FALSE) -> LAMBAYEQUE | AY205: - | AZ205: 0000-00-00 | BA205: - | BB205: 0000-00-00 | BC205: - | BD205: 0000-00-00 | BE205: - | BF205: @UNPRG.EDU.PE | BG205: 55.8
A206: 205 | B206: AL | C206: JIMENEZ LIVIA, CRUZALINA | D206: 2843308 | E206: cjimenezl@unprg.edu.pe | F206: - | G206: 963128554 | H206: =VLOOKUP(D206,DATA_SISTEMA!$A$1:$Q$506,13,FALSE) -> LA LIBERTAD #231 URB.CARLOS STEIN | I206: =VLOOKUP(D206,DATA_SISTEMA!$A$1:$Q$506,7,FALSE) -> 1973-12-06 | J206: - | K206: - | L206: - | M206: 318 | N206: 0 | O206: =_xlfn.CONCAT(A206,"0020261X") -> 2050020261X | P206: - | Q206: - | R206: 2026-I | S206: III | T206: =VLOOKUP(D206,DATA_SISTEMA!$A$1:$Q$506,9,FALSE) -> F | U206: A | V206: - | W206: 0000-00-00 | X206: U | Y206: - | Z206: - | AA206: 0000-00-00 | AB206: - | AC206: - | AD206: - | AE206: - | AF206: - | AG206: - | AH206: OR | AI206: CRUZALINA | AJ206: JIMENEZ | AK206: LIVIA | AL206: 02843308 | AM206: - | AN206: - | AO206: - | AP206: - | AQ206: - | AR206: - | AS206: - | AT206: - | AU206: - | AV206: =VLOOKUP(D206,DATA_SISTEMA!$A$1:$Q$506,12,FALSE) -> JOSE LEONARDO ORTIZ | AW206: =VLOOKUP(D206,DATA_SISTEMA!$A$1:$Q$506,11,FALSE) -> CHICLAYO | AX206: =VLOOKUP(D206,DATA_SISTEMA!$A$1:$Q$506,10,FALSE) -> LAMBAYEQUE | AY206: - | AZ206: 0000-00-00 | BA206: - | BB206: 0000-00-00 | BC206: - | BD206: 0000-00-00 | BE206: - | BF206: @UNPRG.EDU.PE | BG206: 55.7
A207: 206 | B207: AL | C207: CALVAY ORTIZ, MANUEL ANTONIO | D207: 8385207 | E207: ak_1917@hotmail.com | F207: - | G207: 975618503 | H207: =VLOOKUP(D207,DATA_SISTEMA!$A$1:$Q$506,13,FALSE) -> AV. ELVIRA GARCIA GARCIA 920- DPTO 303 URB. PATAZCA - CHICLAYO | I207: =VLOOKUP(D207,DATA_SISTEMA!$A$1:$Q$506,7,FALSE) -> 1963-10-19 | J207: - | K207: - | L207: - | M207: 318 | N207: 0 | O207: =_xlfn.CONCAT(A207,"0020261X") -> 2060020261X | P207: - | Q207: - | R207: 2026-I | S207: III | T207: =VLOOKUP(D207,DATA_SISTEMA!$A$1:$Q$506,9,FALSE) -> M | U207: A | V207: - | W207: 0000-00-00 | X207: U | Y207: - | Z207: - | AA207: 0000-00-00 | AB207: - | AC207: - | AD207: - | AE207: - | AF207: - | AG207: - | AH207: OR | AI207: MANUEL ANTONIO | AJ207: CALVAY | AK207: ORTIZ | AL207: 08385207 | AM207: - | AN207: - | AO207: - | AP207: - | AQ207: - | AR207: - | AS207: - | AT207: - | AU207: - | AV207: =VLOOKUP(D207,DATA_SISTEMA!$A$1:$Q$506,12,FALSE) -> CHICLAYO | AW207: =VLOOKUP(D207,DATA_SISTEMA!$A$1:$Q$506,11,FALSE) -> CHICLAYO | AX207: =VLOOKUP(D207,DATA_SISTEMA!$A$1:$Q$506,10,FALSE) -> LAMBAYEQUE | AY207: - | AZ207: 0000-00-00 | BA207: - | BB207: 0000-00-00 | BC207: - | BD207: 0000-00-00 | BE207: - | BF207: @UNPRG.EDU.PE | BG207: 55
A208: 207 | B208: AL | C208: SOLANO HURTADO, JESSY | D208: 16691936 | E208: jessysolano2017@gmail.com | F208: - | G208: 979410962 | H208: =VLOOKUP(D208,DATA_SISTEMA!$A$1:$Q$506,13,FALSE) -> 1080 AV. MIGUEL GRAU 1080 | I208: =VLOOKUP(D208,DATA_SISTEMA!$A$1:$Q$506,7,FALSE) -> 1974-08-15 | J208: - | K208: - | L208: - | M208: 318 | N208: 0 | O208: =_xlfn.CONCAT(A208,"0020261X") -> 2070020261X | P208: - | Q208: - | R208: 2026-I | S208: III | T208: =VLOOKUP(D208,DATA_SISTEMA!$A$1:$Q$506,9,FALSE) -> F | U208: A | V208: - | W208: 0000-00-00 | X208: U | Y208: - | Z208: - | AA208: 0000-00-00 | AB208: - | AC208: - | AD208: - | AE208: - | AF208: - | AG208: - | AH208: OR | AI208: JESSY | AJ208: SOLANO | AK208: HURTADO | AL208: 16691936 | AM208: - | AN208: - | AO208: - | AP208: - | AQ208: - | AR208: - | AS208: - | AT208: - | AU208: - | AV208: =VLOOKUP(D208,DATA_SISTEMA!$A$1:$Q$506,12,FALSE) -> CHICLAYO | AW208: =VLOOKUP(D208,DATA_SISTEMA!$A$1:$Q$506,11,FALSE) -> CHICLAYO | AX208: =VLOOKUP(D208,DATA_SISTEMA!$A$1:$Q$506,10,FALSE) -> LAMBAYEQUE | AY208: - | AZ208: 0000-00-00 | BA208: - | BB208: 0000-00-00 | BC208: - | BD208: 0000-00-00 | BE208: - | BF208: @UNPRG.EDU.PE | BG208: 52.8
A209: 208 | B209: AL | C209: CERNA BECERRA, YENNIFFER LIONELA | D209: 72523216 | E209: leonelab862@gmail.com | F209: - | G209: 936244503 | H209: =VLOOKUP(D209,DATA_SISTEMA!$A$1:$Q$506,13,FALSE) -> LOS MITOS 252 - 9 DE OCTUBRE | I209: =VLOOKUP(D209,DATA_SISTEMA!$A$1:$Q$506,7,FALSE) -> 1996-02-11 | J209: - | K209: - | L209: - | M209: 318 | N209: 0 | O209: =_xlfn.CONCAT(A209,"0020261X") -> 2080020261X | P209: - | Q209: - | R209: 2026-I | S209: III | T209: =VLOOKUP(D209,DATA_SISTEMA!$A$1:$Q$506,9,FALSE) -> F | U209: A | V209: - | W209: 0000-00-00 | X209: U | Y209: - | Z209: - | AA209: 0000-00-00 | AB209: - | AC209: - | AD209: - | AE209: - | AF209: - | AG209: - | AH209: OR | AI209: YENNIFFER LIONELA | AJ209: CERNA | AK209: BECERRA | AL209: 72523216 | AM209: - | AN209: - | AO209: - | AP209: - | AQ209: - | AR209: - | AS209: - | AT209: - | AU209: - | AV209: =VLOOKUP(D209,DATA_SISTEMA!$A$1:$Q$506,12,FALSE) -> CHICLAYO | AW209: =VLOOKUP(D209,DATA_SISTEMA!$A$1:$Q$506,11,FALSE) -> CHICLAYO | AX209: =VLOOKUP(D209,DATA_SISTEMA!$A$1:$Q$506,10,FALSE) -> LAMBAYEQUE | AY209: - | AZ209: 0000-00-00 | BA209: - | BB209: 0000-00-00 | BC209: - | BD209: 0000-00-00 | BE209: - | BF209: @UNPRG.EDU.PE | BG209: 52
A210: 209 | B210: AL | C210: MILIAN PEREZ, RENE DEL PILAR | D210: 42870365 | E210: rene20milian@gmail.com | F210: - | G210: 962179687 | H210: =VLOOKUP(D210,DATA_SISTEMA!$A$1:$Q$506,13,FALSE) -> CALLE LIMA 103 | I210: =VLOOKUP(D210,DATA_SISTEMA!$A$1:$Q$506,7,FALSE) -> 1985-03-17 | J210: - | K210: - | L210: - | M210: 318 | N210: 0 | O210: =_xlfn.CONCAT(A210,"0020261X") -> 2090020261X | P210: - | Q210: - | R210: 2026-I | S210: III | T210: =VLOOKUP(D210,DATA_SISTEMA!$A$1:$Q$506,9,FALSE) -> F | U210: A | V210: - | W210: 0000-00-00 | X210: U | Y210: - | Z210: - | AA210: 0000-00-00 | AB210: - | AC210: - | AD210: - | AE210: - | AF210: - | AG210: - | AH210: OR | AI210: RENE DEL PILAR | AJ210: MILIAN | AK210: PEREZ | AL210: 42870365 | AM210: - | AN210: - | AO210: - | AP210: - | AQ210: - | AR210: - | AS210: - | AT210: - | AU210: - | AV210: =VLOOKUP(D210,DATA_SISTEMA!$A$1:$Q$506,12,FALSE) -> POMALCA | AW210: =VLOOKUP(D210,DATA_SISTEMA!$A$1:$Q$506,11,FALSE) -> CHICLAYO | AX210: =VLOOKUP(D210,DATA_SISTEMA!$A$1:$Q$506,10,FALSE) -> LAMBAYEQUE | AY210: - | AZ210: 0000-00-00 | BA210: - | BB210: 0000-00-00 | BC210: - | BD210: 0000-00-00 | BE210: - | BF210: @UNPRG.EDU.PE | BG210: 51
A211: 210 | B211: AL | C211: VELEZ HUERTAS, RICARDO FABRICIO | D211: 72928145 | E211: rvelezh@unprg.edu.pe | F211: - | G211: 983846148 | H211: =VLOOKUP(D211,DATA_SISTEMA!$A$1:$Q$506,13,FALSE) -> CALLE AMAZONAS 1113 | I211: =VLOOKUP(D211,DATA_SISTEMA!$A$1:$Q$506,7,FALSE) -> 1999-10-04 | J211: - | K211: - | L211: - | M211: 312 | N211: 0 | O211: =_xlfn.CONCAT(A211,"0020261X") -> 2100020261X | P211: - | Q211: - | R211: 2026-I | S211: III | T211: =VLOOKUP(D211,DATA_SISTEMA!$A$1:$Q$506,9,FALSE) -> M | U211: A | V211: - | W211: 0000-00-00 | X211: U | Y211: - | Z211: - | AA211: 0000-00-00 | AB211: - | AC211: - | AD211: - | AE211: - | AF211: - | AG211: - | AH211: OR | AI211: RICARDO FABRICIO | AJ211: VELEZ | AK211: HUERTAS | AL211: 72928145 | AM211: - | AN211: - | AO211: - | AP211: - | AQ211: - | AR211: - | AS211: - | AT211: - | AU211: - | AV211: =VLOOKUP(D211,DATA_SISTEMA!$A$1:$Q$506,12,FALSE) -> CHICLAYO | AW211: =VLOOKUP(D211,DATA_SISTEMA!$A$1:$Q$506,11,FALSE) -> CHICLAYO | AX211: =VLOOKUP(D211,DATA_SISTEMA!$A$1:$Q$506,10,FALSE) -> LAMBAYEQUE | AY211: - | AZ211: 0000-00-00 | BA211: - | BB211: 0000-00-00 | BC211: - | BD211: 0000-00-00 | BE211: - | BF211: @UNPRG.EDU.PE | BG211: 77.3
A212: 211 | B212: AL | C212: CALMET VILLEGAS, CARLOS GUILLERMO | D212: 70840720 | E212: carloscalmet25@gmail.com | F212: - | G212: 992278663 | H212: =VLOOKUP(D212,DATA_SISTEMA!$A$1:$Q$506,13,FALSE) -> AV GRAU 650 URB. CAMPODÓNICO | I212: =VLOOKUP(D212,DATA_SISTEMA!$A$1:$Q$506,7,FALSE) -> 1995-01-31 | J212: - | K212: - | L212: - | M212: 312 | N212: 0 | O212: =_xlfn.CONCAT(A212,"0020261X") -> 2110020261X | P212: - | Q212: - | R212: 2026-I | S212: III | T212: =VLOOKUP(D212,DATA_SISTEMA!$A$1:$Q$506,9,FALSE) -> M | U212: A | V212: - | W212: 0000-00-00 | X212: U | Y212: - | Z212: - | AA212: 0000-00-00 | AB212: - | AC212: - | AD212: - | AE212: - | AF212: - | AG212: - | AH212: OR | AI212: CARLOS GUILLERMO | AJ212: CALMET | AK212: VILLEGAS | AL212: 70840720 | AM212: - | AN212: - | AO212: - | AP212: - | AQ212: - | AR212: - | AS212: - | AT212: - | AU212: - | AV212: =VLOOKUP(D212,DATA_SISTEMA!$A$1:$Q$506,12,FALSE) -> CHICLAYO | AW212: =VLOOKUP(D212,DATA_SISTEMA!$A$1:$Q$506,11,FALSE) -> CHICLAYO | AX212: =VLOOKUP(D212,DATA_SISTEMA!$A$1:$Q$506,10,FALSE) -> LAMBAYEQUE | AY212: - | AZ212: 0000-00-00 | BA212: - | BB212: 0000-00-00 | BC212: - | BD212: 0000-00-00 | BE212: - | BF212: @UNPRG.EDU.PE | BG212: 75.6
A213: 212 | B213: AL | C213: PACHERRES ALCANTARA, INGRID OLGA | D213: 42062400 | E213: ipacherresalcantara@gmail.com | F213: - | G213: 996617036 | H213: =VLOOKUP(D213,DATA_SISTEMA!$A$1:$Q$506,13,FALSE) -> URB.INGENIERO II BOSQUE DE POMAC 118 | I213: =VLOOKUP(D213,DATA_SISTEMA!$A$1:$Q$506,7,FALSE) -> 1983-08-19 | J213: - | K213: - | L213: - | M213: 312 | N213: 0 | O213: =_xlfn.CONCAT(A213,"0020261X") -> 2120020261X | P213: - | Q213: - | R213: 2026-I | S213: III | T213: =VLOOKUP(D213,DATA_SISTEMA!$A$1:$Q$506,9,FALSE) -> F | U213: A | V213: - | W213: 0000-00-00 | X213: U | Y213: - | Z213: - | AA213: 0000-00-00 | AB213: - | AC213: - | AD213: - | AE213: - | AF213: - | AG213: - | AH213: OR | AI213: INGRID OLGA | AJ213: PACHERRES | AK213: ALCANTARA | AL213: 42062400 | AM213: - | AN213: - | AO213: - | AP213: - | AQ213: - | AR213: - | AS213: - | AT213: - | AU213: - | AV213: =VLOOKUP(D213,DATA_SISTEMA!$A$1:$Q$506,12,FALSE) -> CHICLAYO | AW213: =VLOOKUP(D213,DATA_SISTEMA!$A$1:$Q$506,11,FALSE) -> CHICLAYO | AX213: =VLOOKUP(D213,DATA_SISTEMA!$A$1:$Q$506,10,FALSE) -> LAMBAYEQUE | AY213: - | AZ213: 0000-00-00 | BA213: - | BB213: 0000-00-00 | BC213: - | BD213: 0000-00-00 | BE213: - | BF213: @UNPRG.EDU.PE | BG213: 74
A214: 213 | B214: AL | C214: CUMPA PUICAN, JUAN KAROLL | D214: 45038251 | E214: cumpap.juan@gmail.com | F214: - | G214: 939080978 | H214: =VLOOKUP(D214,DATA_SISTEMA!$A$1:$Q$506,13,FALSE) -> LA LLANURA MZ. F LOTE 15 | I214: =VLOOKUP(D214,DATA_SISTEMA!$A$1:$Q$506,7,FALSE) -> 1988-04-25 | J214: - | K214: - | L214: - | M214: 312 | N214: 0 | O214: =_xlfn.CONCAT(A214,"0020261X") -> 2130020261X | P214: - | Q214: - | R214: 2026-I | S214: III | T214: =VLOOKUP(D214,DATA_SISTEMA!$A$1:$Q$506,9,FALSE) -> M | U214: A | V214: - | W214: 0000-00-00 | X214: U | Y214: - | Z214: - | AA214: 0000-00-00 | AB214: - | AC214: - | AD214: - | AE214: - | AF214: - | AG214: - | AH214: OR | AI214: JUAN KAROLL | AJ214: CUMPA | AK214: PUICAN | AL214: 45038251 | AM214: - | AN214: - | AO214: - | AP214: - | AQ214: - | AR214: - | AS214: - | AT214: - | AU214: - | AV214: =VLOOKUP(D214,DATA_SISTEMA!$A$1:$Q$506,12,FALSE) -> CHICLAYO | AW214: =VLOOKUP(D214,DATA_SISTEMA!$A$1:$Q$506,11,FALSE) -> CHICLAYO | AX214: =VLOOKUP(D214,DATA_SISTEMA!$A$1:$Q$506,10,FALSE) -> LAMBAYEQUE | AY214: - | AZ214: 0000-00-00 | BA214: - | BB214: 0000-00-00 | BC214: - | BD214: 0000-00-00 | BE214: - | BF214: @UNPRG.EDU.PE | BG214: 73.5
A215: 214 | B215: AL | C215: BUSTAMANTE AQUINO, JOSÉ ANTONIO | D215: 43734675 | E215: joseantonito2646@gmail.com | F215: - | G215: 950796249 | H215: =VLOOKUP(D215,DATA_SISTEMA!$A$1:$Q$506,13,FALSE) -> CALLE 28 DE JULIO # 366 | I215: =VLOOKUP(D215,DATA_SISTEMA!$A$1:$Q$506,7,FALSE) -> 1986-06-02 | J215: - | K215: - | L215: - | M215: 312 | N215: 0 | O215: =_xlfn.CONCAT(A215,"0020261X") -> 2140020261X | P215: - | Q215: - | R215: 2026-I | S215: III | T215: =VLOOKUP(D215,DATA_SISTEMA!$A$1:$Q$506,9,FALSE) -> M | U215: A | V215: - | W215: 0000-00-00 | X215: U | Y215: - | Z215: - | AA215: 0000-00-00 | AB215: - | AC215: - | AD215: - | AE215: - | AF215: - | AG215: - | AH215: OR | AI215: JOSÉ ANTONIO | AJ215: BUSTAMANTE | AK215: AQUINO | AL215: 43734675 | AM215: - | AN215: - | AO215: - | AP215: - | AQ215: - | AR215: - | AS215: - | AT215: - | AU215: - | AV215: =VLOOKUP(D215,DATA_SISTEMA!$A$1:$Q$506,12,FALSE) -> CHICLAYO | AW215: =VLOOKUP(D215,DATA_SISTEMA!$A$1:$Q$506,11,FALSE) -> CHICLAYO | AX215: =VLOOKUP(D215,DATA_SISTEMA!$A$1:$Q$506,10,FALSE) -> LAMBAYEQUE | AY215: - | AZ215: 0000-00-00 | BA215: - | BB215: 0000-00-00 | BC215: - | BD215: 0000-00-00 | BE215: - | BF215: @UNPRG.EDU.PE | BG215: 70.2
A216: 215 | B216: AL | C216: ALTAMIRANO CUSMA, EDSON DANIEL | D216: 71415312 | E216: edsondaniel2003@gmail.com | F216: - | G216: 979541769 | H216: =VLOOKUP(D216,DATA_SISTEMA!$A$1:$Q$506,13,FALSE) -> PUERTAS DEL SOL GALILEA MZ H LOTE 06 | I216: =VLOOKUP(D216,DATA_SISTEMA!$A$1:$Q$506,7,FALSE) -> 2003-04-14 | J216: - | K216: - | L216: - | M216: 312 | N216: 0 | O216: =_xlfn.CONCAT(A216,"0020261X") -> 2150020261X | P216: - | Q216: - | R216: 2026-I | S216: III | T216: =VLOOKUP(D216,DATA_SISTEMA!$A$1:$Q$506,9,FALSE) -> M | U216: A | V216: - | W216: 0000-00-00 | X216: U | Y216: - | Z216: - | AA216: 0000-00-00 | AB216: - | AC216: - | AD216: - | AE216: - | AF216: - | AG216: - | AH216: OR | AI216: EDSON DANIEL | AJ216: ALTAMIRANO | AK216: CUSMA | AL216: 71415312 | AM216: - | AN216: - | AO216: - | AP216: - | AQ216: - | AR216: - | AS216: - | AT216: - | AU216: - | AV216: =VLOOKUP(D216,DATA_SISTEMA!$A$1:$Q$506,12,FALSE) -> LA VICTORIA | AW216: =VLOOKUP(D216,DATA_SISTEMA!$A$1:$Q$506,11,FALSE) -> CHICLAYO | AX216: =VLOOKUP(D216,DATA_SISTEMA!$A$1:$Q$506,10,FALSE) -> LAMBAYEQUE | AY216: - | AZ216: 0000-00-00 | BA216: - | BB216: 0000-00-00 | BC216: - | BD216: 0000-00-00 | BE216: - | BF216: @UNPRG.EDU.PE | BG216: 68.6
A217: 216 | B217: AL | C217: DAVILA BELLODAS, KATYA FIORELLA | D217: 45907492 | E217: katya_davila@hotmail.com | F217: - | G217: 979014146 | H217: =VLOOKUP(D217,DATA_SISTEMA!$A$1:$Q$506,13,FALSE) -> ATAHUALPA 1052 | I217: =VLOOKUP(D217,DATA_SISTEMA!$A$1:$Q$506,7,FALSE) -> 1989-09-09 | J217: - | K217: - | L217: - | M217: 312 | N217: 0 | O217: =_xlfn.CONCAT(A217,"0020261X") -> 2160020261X | P217: - | Q217: - | R217: 2026-I | S217: III | T217: =VLOOKUP(D217,DATA_SISTEMA!$A$1:$Q$506,9,FALSE) -> F | U217: A | V217: - | W217: 0000-00-00 | X217: U | Y217: - | Z217: - | AA217: 0000-00-00 | AB217: - | AC217: - | AD217: - | AE217: - | AF217: - | AG217: - | AH217: OR | AI217: KATYA FIORELLA | AJ217: DAVILA | AK217: BELLODAS | AL217: 45907492 | AM217: - | AN217: - | AO217: - | AP217: - | AQ217: - | AR217: - | AS217: - | AT217: - | AU217: - | AV217: =VLOOKUP(D217,DATA_SISTEMA!$A$1:$Q$506,12,FALSE) -> JOSE LEONARDO ORTIZ | AW217: =VLOOKUP(D217,DATA_SISTEMA!$A$1:$Q$506,11,FALSE) -> CHICLAYO | AX217: =VLOOKUP(D217,DATA_SISTEMA!$A$1:$Q$506,10,FALSE) -> LAMBAYEQUE | AY217: - | AZ217: 0000-00-00 | BA217: - | BB217: 0000-00-00 | BC217: - | BD217: 0000-00-00 | BE217: - | BF217: @UNPRG.EDU.PE | BG217: 68.5
A218: 217 | B218: AL | C218: CAMPOS ANGELES, MAYRA XIMENA | D218: 73698834 | E218: camposangeles22@gmail.com | F218: - | G218: 939664508 | H218: =VLOOKUP(D218,DATA_SISTEMA!$A$1:$Q$506,13,FALSE) -> CALLE JUSTO PEREZ FIGUEROLA 160 | I218: =VLOOKUP(D218,DATA_SISTEMA!$A$1:$Q$506,7,FALSE) -> 1997-11-22 | J218: - | K218: - | L218: - | M218: 312 | N218: 0 | O218: =_xlfn.CONCAT(A218,"0020261X") -> 2170020261X | P218: - | Q218: - | R218: 2026-I | S218: III | T218: =VLOOKUP(D218,DATA_SISTEMA!$A$1:$Q$506,9,FALSE) -> F | U218: A | V218: - | W218: 0000-00-00 | X218: U | Y218: - | Z218: - | AA218: 0000-00-00 | AB218: - | AC218: - | AD218: - | AE218: - | AF218: - | AG218: - | AH218: OR | AI218: MAYRA XIMENA | AJ218: CAMPOS | AK218: ANGELES | AL218: 73698834 | AM218: - | AN218: - | AO218: - | AP218: - | AQ218: - | AR218: - | AS218: - | AT218: - | AU218: - | AV218: =VLOOKUP(D218,DATA_SISTEMA!$A$1:$Q$506,12,FALSE) -> LAMBAYEQUE | AW218: =VLOOKUP(D218,DATA_SISTEMA!$A$1:$Q$506,11,FALSE) -> LAMBAYEQUE | AX218: =VLOOKUP(D218,DATA_SISTEMA!$A$1:$Q$506,10,FALSE) -> LAMBAYEQUE | AY218: - | AZ218: 0000-00-00 | BA218: - | BB218: 0000-00-00 | BC218: - | BD218: 0000-00-00 | BE218: - | BF218: @UNPRG.EDU.PE | BG218: 66.7
A219: 218 | B219: AL | C219: LUCUMI LLUNCOR, LUIS ALBERTO | D219: 41685511 | E219: luislucumi1@gmail.com | F219: - | G219: 979914401 | H219: =VLOOKUP(D219,DATA_SISTEMA!$A$1:$Q$506,13,FALSE) -> AV. LA UNION 646 | I219: =VLOOKUP(D219,DATA_SISTEMA!$A$1:$Q$506,7,FALSE) -> 1983-02-02 | J219: - | K219: - | L219: - | M219: 312 | N219: 0 | O219: =_xlfn.CONCAT(A219,"0020261X") -> 2180020261X | P219: - | Q219: - | R219: 2026-I | S219: III | T219: =VLOOKUP(D219,DATA_SISTEMA!$A$1:$Q$506,9,FALSE) -> M | U219: A | V219: - | W219: 0000-00-00 | X219: U | Y219: - | Z219: - | AA219: 0000-00-00 | AB219: - | AC219: - | AD219: - | AE219: - | AF219: - | AG219: - | AH219: OR | AI219: LUIS ALBERTO | AJ219: LUCUMI | AK219: LLUNCOR | AL219: 41685511 | AM219: - | AN219: - | AO219: - | AP219: - | AQ219: - | AR219: - | AS219: - | AT219: - | AU219: - | AV219: =VLOOKUP(D219,DATA_SISTEMA!$A$1:$Q$506,12,FALSE) -> CHICLAYO | AW219: =VLOOKUP(D219,DATA_SISTEMA!$A$1:$Q$506,11,FALSE) -> CHICLAYO | AX219: =VLOOKUP(D219,DATA_SISTEMA!$A$1:$Q$506,10,FALSE) -> LAMBAYEQUE | AY219: - | AZ219: 0000-00-00 | BA219: - | BB219: 0000-00-00 | BC219: - | BD219: 0000-00-00 | BE219: - | BF219: @UNPRG.EDU.PE | BG219: 66.7
... A266: 265 | B266: AL | C266: CABANILLAS CIEZA, CLAUDIA CRISTINA | D266: 42056550 | E266: c.cabanillasclaudiacristina@gmail.com | F266: - | G266: 923296753 | H266: =VLOOKUP(D266,DATA_SISTEMA!$A$1:$Q$506,13,FALSE) -> PLAYA RIMAC AV RAMON CASTILLA 404 | I266: =VLOOKUP(D266,DATA_SISTEMA!$A$1:$Q$506,7,FALSE) -> 1983-08-26 | J266: - | K266: - | L266: - | M266: 317 | N266: 0 | O266: =_xlfn.CONCAT(A266,"0020261X") -> 2650020261X | P266: - | Q266: - | R266: 2026-I | S266: III | T266: =VLOOKUP(D266,DATA_SISTEMA!$A$1:$Q$506,9,FALSE) -> F | U266: A | V266: - | W266: 0000-00-00 | X266: U | Y266: - | Z266: - | AA266: 0000-00-00 | AB266: - | AC266: - | AD266: - | AE266: - | AF266: - | AG266: - | AH266: OR | AI266: CLAUDIA CRISTINA | AJ266: CABANILLAS | AK266: CIEZA | AL266: 42056550 | AM266: - | AN266: - | AO266: - | AP266: - | AQ266: - | AR266: - | AS266: - | AT266: - | AU266: - | AV266: =VLOOKUP(D266,DATA_SISTEMA!$A$1:$Q$506,12,FALSE) -> CALLAO | AW266: =VLOOKUP(D266,DATA_SISTEMA!$A$1:$Q$506,11,FALSE) -> CALLAO | AX266: =VLOOKUP(D266,DATA_SISTEMA!$A$1:$Q$506,10,FALSE) -> CALLAO | AY266: - | AZ266: 0000-00-00 | BA266: - | BB266: 0000-00-00 | BC266: - | BD266: 0000-00-00 | BE266: - | BF266: @UNPRG.EDU.PE | BG266: 53
A267: 266 | B267: AL | C267: VEGA MIRES, ESPERANZA | D267: 3700601 | E267: esperanzavegam72@gmail.com | F267: - | G267: 928685358 | H267: =VLOOKUP(D267,DATA_SISTEMA!$A$1:$Q$506,13,FALSE) -> CALLE LOS MERMES 248 VILLA HERMOSA | I267: =VLOOKUP(D267,DATA_SISTEMA!$A$1:$Q$506,7,FALSE) -> 1972-08-24 | J267: - | K267: - | L267: - | M267: 317 | N267: 0 | O267: =_xlfn.CONCAT(A267,"0020261X") -> 2660020261X | P267: - | Q267: - | R267: 2026-I | S267: III | T267: =VLOOKUP(D267,DATA_SISTEMA!$A$1:$Q$506,9,FALSE) -> F | U267: A | V267: - | W267: 0000-00-00 | X267: U | Y267: - | Z267: - | AA267: 0000-00-00 | AB267: - | AC267: - | AD267: - | AE267: - | AF267: - | AG267: - | AH267: OR | AI267: ESPERANZA | AJ267: VEGA | AK267: MIRES | AL267: 03700601 | AM267: - | AN267: - | AO267: - | AP267: - | AQ267: - | AR267: - | AS267: - | AT267: - | AU267: - | AV267: =VLOOKUP(D267,DATA_SISTEMA!$A$1:$Q$506,12,FALSE) -> JOSE LEONARDO ORTIZ | AW267: =VLOOKUP(D267,DATA_SISTEMA!$A$1:$Q$506,11,FALSE) -> CHICLAYO | AX267: =VLOOKUP(D267,DATA_SISTEMA!$A$1:$Q$506,10,FALSE) -> LAMBAYEQUE | AY267: - | AZ267: 0000-00-00 | BA267: - | BB267: 0000-00-00 | BC267: - | BD267: 0000-00-00 | BE267: - | BF267: @UNPRG.EDU.PE | BG267: 51.3
A268: 267 | B268: AL | C268: CORREA CHILON, DAVID GEREMIAS | D268: 40564392 | E268: david.correa@gmail.com | F268: - | G268: 922210488 | H268: =VLOOKUP(D268,DATA_SISTEMA!$A$1:$Q$506,13,FALSE) -> AV. IMPERIO 975, LA VICTORIA, CHICLAYO, LAMBAYEQUE | I268: =VLOOKUP(D268,DATA_SISTEMA!$A$1:$Q$506,7,FALSE) -> 1980-04-13 | J268: - | K268: - | L268: - | M268: 11 | N268: 0 | O268: =_xlfn.CONCAT(A268,"0020261X") -> 2670020261X | P268: - | Q268: - | R268: 2026-I | S268: VIII | T268: =VLOOKUP(D268,DATA_SISTEMA!$A$1:$Q$506,9,FALSE) -> M | U268: A | V268: - | W268: 0000-00-00 | X268: U | Y268: - | Z268: - | AA268: 0000-00-00 | AB268: - | AC268: - | AD268: - | AE268: - | AF268: - | AG268: - | AH268: OR | AI268: DAVID GEREMIAS | AJ268: CORREA | AK268: CHILON | AL268: 40564392 | AM268: - | AN268: - | AO268: - | AP268: - | AQ268: - | AR268: - | AS268: - | AT268: - | AU268: - | AV268: =VLOOKUP(D268,DATA_SISTEMA!$A$1:$Q$506,12,FALSE) -> LA VICTORIA | AW268: =VLOOKUP(D268,DATA_SISTEMA!$A$1:$Q$506,11,FALSE) -> CHICLAYO | AX268: =VLOOKUP(D268,DATA_SISTEMA!$A$1:$Q$506,10,FALSE) -> LAMBAYEQUE | AY268: - | AZ268: 0000-00-00 | BA268: - | BB268: 0000-00-00 | BC268: - | BD268: 0000-00-00 | BE268: - | BF268: @UNPRG.EDU.PE | BG268: 84.5
A269: 268 | B269: AL | C269: MIRANDA VILCHEZ, WALTER ABEL | D269: 16676613 | E269: waltermv37@gmail.com | F269: - | G269: 965197190 | H269: =VLOOKUP(D269,DATA_SISTEMA!$A$1:$Q$506,13,FALSE) -> JR. AYACUCHO 1312, JOSÉ LEONARDO ORTÍZ | I269: =VLOOKUP(D269,DATA_SISTEMA!$A$1:$Q$506,7,FALSE) -> 1968-06-30 | J269: - | K269: - | L269: - | M269: 11 | N269: 0 | O269: =_xlfn.CONCAT(A269,"0020261X") -> 2680020261X | P269: - | Q269: - | R269: 2026-I | S269: VIII | T269: =VLOOKUP(D269,DATA_SISTEMA!$A$1:$Q$506,9,FALSE) -> M | U269: A | V269: - | W269: 0000-00-00 | X269: U | Y269: - | Z269: - | AA269: 0000-00-00 | AB269: - | AC269: - | AD269: - | AE269: - | AF269: - | AG269: - | AH269: OR | AI269: WALTER ABEL | AJ269: MIRANDA | AK269: VILCHEZ | AL269: 16676613 | AM269: - | AN269: - | AO269: - | AP269: - | AQ269: - | AR269: - | AS269: - | AT269: - | AU269: - | AV269: =VLOOKUP(D269,DATA_SISTEMA!$A$1:$Q$506,12,FALSE) -> JOSE LEONARDO ORTIZ | AW269: =VLOOKUP(D269,DATA_SISTEMA!$A$1:$Q$506,11,FALSE) -> CHICLAYO | AX269: =VLOOKUP(D269,DATA_SISTEMA!$A$1:$Q$506,10,FALSE) -> LAMBAYEQUE | AY269: - | AZ269: 0000-00-00 | BA269: - | BB269: 0000-00-00 | BC269: - | BD269: 0000-00-00 | BE269: - | BF269: @UNPRG.EDU.PE | BG269: 83
A270: 269 | B270: AL | C270: CIEZA PEÑA, CARLOS ALBERTO | D270: 70060478 | E270: CACIEZA@GMAIL.COM | F270: - | G270: 951538062 | H270: =VLOOKUP(D270,DATA_SISTEMA!$A$1:$Q$506,13,FALSE) -> MZ. E LOTE 18 URB. CRUZ DE CHALPÓN | I270: =VLOOKUP(D270,DATA_SISTEMA!$A$1:$Q$506,7,FALSE) -> 1988-02-21 | J270: - | K270: - | L270: - | M270: 11 | N270: 0 | O270: =_xlfn.CONCAT(A270,"0020261X") -> 2690020261X | P270: - | Q270: - | R270: 2026-I | S270: VIII | T270: =VLOOKUP(D270,DATA_SISTEMA!$A$1:$Q$506,9,FALSE) -> M | U270: A | V270: - | W270: 0000-00-00 | X270: U | Y270: - | Z270: - | AA270: 0000-00-00 | AB270: - | AC270: - | AD270: - | AE270: - | AF270: - | AG270: - | AH270: OR | AI270: CARLOS ALBERTO | AJ270: CIEZA | AK270: PEÑA | AL270: 70060478 | AM270: - | AN270: - | AO270: - | AP270: - | AQ270: - | AR270: - | AS270: - | AT270: - | AU270: - | AV270: =VLOOKUP(D270,DATA_SISTEMA!$A$1:$Q$506,12,FALSE) -> CHICLAYO | AW270: =VLOOKUP(D270,DATA_SISTEMA!$A$1:$Q$506,11,FALSE) -> CHICLAYO | AX270: =VLOOKUP(D270,DATA_SISTEMA!$A$1:$Q$506,10,FALSE) -> LAMBAYEQUE | AY270: - | AZ270: 0000-00-00 | BA270: - | BB270: 0000-00-00 | BC270: - | BD270: 0000-00-00 | BE270: - | BF270: @UNPRG.EDU.PE | BG270: 82
A271: 270 | B271: AL | C271: NIÑO MONTERO, NANCY | D271: 16656814 | E271: nnino@unprg.edu.pe | F271: - | G271: 979618370 | H271: =VLOOKUP(D271,DATA_SISTEMA!$A$1:$Q$506,13,FALSE) -> AV.LORA Y LORA # 1056 | I271: =VLOOKUP(D271,DATA_SISTEMA!$A$1:$Q$506,7,FALSE) -> 1967-11-27 | J271: - | K271: - | L271: - | M271: 11 | N271: 0 | O271: =_xlfn.CONCAT(A271,"0020261X") -> 2700020261X | P271: - | Q271: - | R271: 2026-I | S271: VIII | T271: =VLOOKUP(D271,DATA_SISTEMA!$A$1:$Q$506,9,FALSE) -> F | U271: A | V271: - | W271: 0000-00-00 | X271: U | Y271: - | Z271: - | AA271: 0000-00-00 | AB271: - | AC271: - | AD271: - | AE271: - | AF271: - | AG271: - | AH271: OR | AI271: NANCY | AJ271: NIÑO | AK271: MONTERO | AL271: 16656814 | AM271: - | AN271: - | AO271: - | AP271: - | AQ271: - | AR271: - | AS271: - | AT271: - | AU271: - | AV271: =VLOOKUP(D271,DATA_SISTEMA!$A$1:$Q$506,12,FALSE) -> CHICLAYO | AW271: =VLOOKUP(D271,DATA_SISTEMA!$A$1:$Q$506,11,FALSE) -> CHICLAYO | AX271: =VLOOKUP(D271,DATA_SISTEMA!$A$1:$Q$506,10,FALSE) -> LAMBAYEQUE | AY271: - | AZ271: 0000-00-00 | BA271: - | BB271: 0000-00-00 | BC271: - | BD271: 0000-00-00 | BE271: - | BF271: @UNPRG.EDU.PE | BG271: 81
A272: 271 | B272: AL | C272: TEPE ATOCHE, VICTOR MANUEL | D272: 16719569 | E272: cobrepsa@gmail.com | F272: - | G272: 943855088 | H272: =VLOOKUP(D272,DATA_SISTEMA!$A$1:$Q$506,13,FALSE) -> CALLE JUAN MANUEL ITURREGUI 470- URB. CHICLAYO | I272: =VLOOKUP(D272,DATA_SISTEMA!$A$1:$Q$506,7,FALSE) -> 1957-06-09 | J272: - | K272: - | L272: - | M272: 11 | N272: 0 | O272: =_xlfn.CONCAT(A272,"0020261X") -> 2710020261X | P272: - | Q272: - | R272: 2026-I | S272: VIII | T272: =VLOOKUP(D272,DATA_SISTEMA!$A$1:$Q$506,9,FALSE) -> M | U272: A | V272: - | W272: 0000-00-00 | X272: U | Y272: - | Z272: - | AA272: 0000-00-00 | AB272: - | AC272: - | AD272: - | AE272: - | AF272: - | AG272: - | AH272: OR | AI272: VICTOR MANUEL | AJ272: TEPE | AK272: ATOCHE | AL272: 16719569 | AM272: - | AN272: - | AO272: - | AP272: - | AQ272: - | AR272: - | AS272: - | AT272: - | AU272: - | AV272: =VLOOKUP(D272,DATA_SISTEMA!$A$1:$Q$506,12,FALSE) -> CHICLAYO | AW272: =VLOOKUP(D272,DATA_SISTEMA!$A$1:$Q$506,11,FALSE) -> CHICLAYO | AX272: =VLOOKUP(D272,DATA_SISTEMA!$A$1:$Q$506,10,FALSE) -> LAMBAYEQUE | AY272: - | AZ272: 0000-00-00 | BA272: - | BB272: 0000-00-00 | BC272: - | BD272: 0000-00-00 | BE272: - | BF272: @UNPRG.EDU.PE | BG272: 80.8
A273: 272 | B273: AL | C273: CUZQUEN YOCYA, SARA RANDY DELIACIR | D273: 45695320 | E273: cyocyasarita@gmail.com | F273: - | G273: 949529017 | H273: =VLOOKUP(D273,DATA_SISTEMA!$A$1:$Q$506,13,FALSE) -> CALLE MANUEL SEOANE S/N | I273: =VLOOKUP(D273,DATA_SISTEMA!$A$1:$Q$506,7,FALSE) -> 1989-04-09 | J273: - | K273: - | L273: - | M273: 11 | N273: 0 | O273: =_xlfn.CONCAT(A273,"0020261X") -> 2720020261X | P273: - | Q273: - | R273: 2026-I | S273: VIII | T273: =VLOOKUP(D273,DATA_SISTEMA!$A$1:$Q$506,9,FALSE) -> F | U273: A | V273: - | W273: 0000-00-00 | X273: U | Y273: - | Z273: - | AA273: 0000-00-00 | AB273: - | AC273: - | AD273: - | AE273: - | AF273: - | AG273: - | AH273: OR | AI273: SARA RANDY DELIACIR | AJ273: CUZQUEN | AK273: YOCYA | AL273: 45695320 | AM273: - | AN273: - | AO273: - | AP273: - | AQ273: - | AR273: - | AS273: - | AT273: - | AU273: - | AV273: =VLOOKUP(D273,DATA_SISTEMA!$A$1:$Q$506,12,FALSE) -> ILLIMO | AW273: =VLOOKUP(D273,DATA_SISTEMA!$A$1:$Q$506,11,FALSE) -> LAMBAYEQUE | AX273: =VLOOKUP(D273,DATA_SISTEMA!$A$1:$Q$506,10,FALSE) -> LAMBAYEQUE | AY273: - | AZ273: 0000-00-00 | BA273: - | BB273: 0000-00-00 | BC273: - | BD273: 0000-00-00 | BE273: - | BF273: @UNPRG.EDU.PE | BG273: 80
A274: 273 | B274: AL | C274: AMAMBAL PAUCAR, JOSE HUMBERTO | D274: 19219053 | E274: jamambalp@gmail.com | F274: - | G274: 971049145 | H274: =VLOOKUP(D274,DATA_SISTEMA!$A$1:$Q$506,13,FALSE) -> AV.EZEQUIEL GONZALES CÁCEDA N°2086 CHEPÉN LA LIBERTAD | I274: =VLOOKUP(D274,DATA_SISTEMA!$A$1:$Q$506,7,FALSE) -> 1965-04-07 | J274: - | K274: - | L274: - | M274: 11 | N274: 0 | O274: =_xlfn.CONCAT(A274,"0020261X") -> 2730020261X | P274: - | Q274: - | R274: 2026-I | S274: VIII | T274: =VLOOKUP(D274,DATA_SISTEMA!$A$1:$Q$506,9,FALSE) -> M | U274: A | V274: - | W274: 0000-00-00 | X274: U | Y274: - | Z274: - | AA274: 0000-00-00 | AB274: - | AC274: - | AD274: - | AE274: - | AF274: - | AG274: - | AH274: OR | AI274: JOSE HUMBERTO | AJ274: AMAMBAL | AK274: PAUCAR | AL274: 19219053 | AM274: - | AN274: - | AO274: - | AP274: - | AQ274: - | AR274: - | AS274: - | AT274: - | AU274: - | AV274: =VLOOKUP(D274,DATA_SISTEMA!$A$1:$Q$506,12,FALSE) -> SAN PABLO | AW274: =VLOOKUP(D274,DATA_SISTEMA!$A$1:$Q$506,11,FALSE) -> SAN PABLO | AX274: =VLOOKUP(D274,DATA_SISTEMA!$A$1:$Q$506,10,FALSE) -> CAJAMARCA | AY274: - | AZ274: 0000-00-00 | BA274: - | BB274: 0000-00-00 | BC274: - | BD274: 0000-00-00 | BE274: - | BF274: @UNPRG.EDU.PE | BG274: 78.5
A275: 274 | B275: AL | C275: MARTINEZ FERNANDEZ, MARIA DEL PILAR | D275: 71291418 | E275: mmartinezfe@unprg.edu.pe | F275: - | G275: 937361416 | H275: =VLOOKUP(D275,DATA_SISTEMA!$A$1:$Q$506,13,FALSE) -> URB. CARMEN ANGELICA MZ. A LT 16 | I275: =VLOOKUP(D275,DATA_SISTEMA!$A$1:$Q$506,7,FALSE) -> 1993-01-16 | J275: - | K275: - | L275: - | M275: 11 | N275: 0 | O275: =_xlfn.CONCAT(A275,"0020261X") -> 2740020261X | P275: - | Q275: - | R275: 2026-I | S275: VIII | T275: =VLOOKUP(D275,DATA_SISTEMA!$A$1:$Q$506,9,FALSE) -> F | U275: A | V275: - | W275: 0000-00-00 | X275: U | Y275: - | Z275: - | AA275: 0000-00-00 | AB275: - | AC275: - | AD275: - | AE275: - | AF275: - | AG275: - | AH275: OR | AI275: MARIA DEL PILAR | AJ275: MARTINEZ | AK275: FERNANDEZ | AL275: 71291418 | AM275: - | AN275: - | AO275: - | AP275: - | AQ275: - | AR275: - | AS275: - | AT275: - | AU275: - | AV275: =VLOOKUP(D275,DATA_SISTEMA!$A$1:$Q$506,12,FALSE) -> CHICLAYO | AW275: =VLOOKUP(D275,DATA_SISTEMA!$A$1:$Q$506,11,FALSE) -> CHICLAYO | AX275: =VLOOKUP(D275,DATA_SISTEMA!$A$1:$Q$506,10,FALSE) -> LAMBAYEQUE | AY275: - | AZ275: 0000-00-00 | BA275: - | BB275: 0000-00-00 | BC275: - | BD275: 0000-00-00 | BE275: - | BF275: @UNPRG.EDU.PE | BG275: 77.5
A276: 275 | B276: AL | C276: BUSTAMANTE CERNA, DAVID | D276: 43674308 | E276: dbustamantece@unprg.edu.pe | F276: - | G276: 979784034 | H276: =VLOOKUP(D276,DATA_SISTEMA!$A$1:$Q$506,13,FALSE) -> SAN CRISTÓBAL N° 329 - P.J. SAN ANTONIO | I276: =VLOOKUP(D276,DATA_SISTEMA!$A$1:$Q$506,7,FALSE) -> 1985-06-16 | J276: - | K276: - | L276: - | M276: 11 | N276: 0 | O276: =_xlfn.CONCAT(A276,"0020261X") -> 2750020261X | P276: - | Q276: - | R276: 2026-I | S276: VIII | T276: =VLOOKUP(D276,DATA_SISTEMA!$A$1:$Q$506,9,FALSE) -> M | U276: A | V276: - | W276: 0000-00-00 | X276: U | Y276: - | Z276: - | AA276: 0000-00-00 | AB276: - | AC276: - | AD276: - | AE276: - | AF276: - | AG276: - | AH276: OR | AI276: DAVID | AJ276: BUSTAMANTE | AK276: CERNA | AL276: 43674308 | AM276: - | AN276: - | AO276: - | AP276: - | AQ276: - | AR276: - | AS276: - | AT276: - | AU276: - | AV276: =VLOOKUP(D276,DATA_SISTEMA!$A$1:$Q$506,12,FALSE) -> CHICLAYO | AW276: =VLOOKUP(D276,DATA_SISTEMA!$A$1:$Q$506,11,FALSE) -> CHICLAYO | AX276: =VLOOKUP(D276,DATA_SISTEMA!$A$1:$Q$506,10,FALSE) -> LAMBAYEQUE | AY276: - | AZ276: 0000-00-00 | BA276: - | BB276: 0000-00-00 | BC276: - | BD276: 0000-00-00 | BE276: - | BF276: @UNPRG.EDU.PE | BG276: 76
A277: 276 | B277: AL | C277: DELGADO NAMUCHE, KATTY ADELAIDA | D277: 17451203 | E277: c21721@utp.edu.pe | F277: - | G277: 968092042 | H277: =VLOOKUP(D277,DATA_SISTEMA!$A$1:$Q$506,13,FALSE) -> CONQUISTA1136 | I277: =VLOOKUP(D277,DATA_SISTEMA!$A$1:$Q$506,7,FALSE) -> 1976-09-02 | J277: - | K277: - | L277: - | M277: 11 | N277: 0 | O277: =_xlfn.CONCAT(A277,"0020261X") -> 2760020261X | P277: - | Q277: - | R277: 2026-I | S277: VIII | T277: =VLOOKUP(D277,DATA_SISTEMA!$A$1:$Q$506,9,FALSE) -> F | U277: A | V277: - | W277: 0000-00-00 | X277: U | Y277: - | Z277: - | AA277: 0000-00-00 | AB277: - | AC277: - | AD277: - | AE277: - | AF277: - | AG277: - | AH277: OR | AI277: KATTY ADELAIDA | AJ277: DELGADO | AK277: NAMUCHE | AL277: 17451203 | AM277: - | AN277: - | AO277: - | AP277: - | AQ277: - | AR277: - | AS277: - | AT277: - | AU277: - | AV277: =VLOOKUP(D277,DATA_SISTEMA!$A$1:$Q$506,12,FALSE) -> CHICLAYO | AW277: =VLOOKUP(D277,DATA_SISTEMA!$A$1:$Q$506,11,FALSE) -> CHICLAYO | AX277: =VLOOKUP(D277,DATA_SISTEMA!$A$1:$Q$506,10,FALSE) -> LAMBAYEQUE | AY277: - | AZ277: 0000-00-00 | BA277: - | BB277: 0000-00-00 | BC277: - | BD277: 0000-00-00 | BE277: - | BF277: @UNPRG.EDU.PE | BG277: 75.7
A278: 277 | B278: AL | C278: SECLEN SENCIO, JOSE ALONSO | D278: 72747940 | E278: ppjoal1903@gmail.com | F278: - | G278: 960952982 | H278: =VLOOKUP(D278,DATA_SISTEMA!$A$1:$Q$506,13,FALSE) -> LUIS NEGREIROS # 4 S/N | I278: =VLOOKUP(D278,DATA_SISTEMA!$A$1:$Q$506,7,FALSE) -> 1999-03-19 | J278: - | K278: - | L278: - | M278: 11 | N278: 0 | O278: =_xlfn.CONCAT(A278,"0020261X") -> 2770020261X | P278: - | Q278: - | R278: 2026-I | S278: VIII | T278: =VLOOKUP(D278,DATA_SISTEMA!$A$1:$Q$506,9,FALSE) -> M | U278: A | V278: - | W278: 0000-00-00 | X278: U | Y278: - | Z278: - | AA278: 0000-00-00 | AB278: - | AC278: - | AD278: - | AE278: - | AF278: - | AG278: - | AH278: OR | AI278: JOSE ALONSO | AJ278: SECLEN | AK278: SENCIO | AL278: 72747940 | AM278: - | AN278: - | AO278: - | AP278: - | AQ278: - | AR278: - | AS278: - | AT278: - | AU278: - | AV278: =VLOOKUP(D278,DATA_SISTEMA!$A$1:$Q$506,12,FALSE) -> LAMBAYEQUE | AW278: =VLOOKUP(D278,DATA_SISTEMA!$A$1:$Q$506,11,FALSE) -> LAMBAYEQUE | AX278: =VLOOKUP(D278,DATA_SISTEMA!$A$1:$Q$506,10,FALSE) -> LAMBAYEQUE | AY278: - | AZ278: 0000-00-00 | BA278: - | BB278: 0000-00-00 | BC278: - | BD278: 0000-00-00 | BE278: - | BF278: @UNPRG.EDU.PE | BG278: 75.3
A279: 278 | B279: AL | C279: MONZÓN PINGLO, LUIS ALBERTO | D279: 45620610 | E279: lmonzon@unprg.edu.pe | F279: - | G279: 945962546 | H279: =VLOOKUP(D279,DATA_SISTEMA!$A$1:$Q$506,13,FALSE) -> CALLE TORRRES PAZ 539 | I279: =VLOOKUP(D279,DATA_SISTEMA!$A$1:$Q$506,7,FALSE) -> 1988-01-11 | J279: - | K279: - | L279: - | M279: 11 | N279: 0 | O279: =_xlfn.CONCAT(A279,"0020261X") -> 2780020261X | P279: - | Q279: - | R279: 2026-I | S279: VIII | T279: =VLOOKUP(D279,DATA_SISTEMA!$A$1:$Q$506,9,FALSE) -> M | U279: A | V279: - | W279: 0000-00-00 | X279: U | Y279: - | Z279: - | AA279: 0000-00-00 | AB279: - | AC279: - | AD279: - | AE279: - | AF279: - | AG279: - | AH279: OR | AI279: LUIS ALBERTO | AJ279: MONZÓN | AK279: PINGLO | AL279: 45620610 | AM279: - | AN279: - | AO279: - | AP279: - | AQ279: - | AR279: - | AS279: - | AT279: - | AU279: - | AV279: =VLOOKUP(D279,DATA_SISTEMA!$A$1:$Q$506,12,FALSE) -> CHICLAYO | AW279: =VLOOKUP(D279,DATA_SISTEMA!$A$1:$Q$506,11,FALSE) -> CHICLAYO | AX279: =VLOOKUP(D279,DATA_SISTEMA!$A$1:$Q$506,10,FALSE) -> LAMBAYEQUE | AY279: - | AZ279: 0000-00-00 | BA279: - | BB279: 0000-00-00 | BC279: - | BD279: 0000-00-00 | BE279: - | BF279: @UNPRG.EDU.PE | BG279: 75
... A304: 303 | B304: AL | C304: MAGALLANES FLORES, ANGELICA MILAGROS | D304: 25869444 | E304: mmagallanesflores99@gmail.com | F304: - | G304: 929296574 | H304: =VLOOKUP(D304,DATA_SISTEMA!$A$1:$Q$506,13,FALSE) -> NAUTA N° 1757 IQUITOS | I304: =VLOOKUP(D304,DATA_SISTEMA!$A$1:$Q$506,7,FALSE) -> 1978-09-09 | J304: - | K304: - | L304: - | M304: 330 | N304: 0 | O304: =_xlfn.CONCAT(A304,"0020261X") -> 3030020261X | P304: - | Q304: - | R304: 2026-I | S304: I | T304: =VLOOKUP(D304,DATA_SISTEMA!$A$1:$Q$506,9,FALSE) -> F | U304: A | V304: - | W304: 0000-00-00 | X304: U | Y304: - | Z304: - | AA304: 0000-00-00 | AB304: - | AC304: - | AD304: - | AE304: - | AF304: - | AG304: - | AH304: OR | AI304: ANGELICA MILAGROS | AJ304: MAGALLANES | AK304: FLORES | AL304: 25869444 | AM304: - | AN304: - | AO304: - | AP304: - | AQ304: - | AR304: - | AS304: - | AT304: - | AU304: - | AV304: =VLOOKUP(D304,DATA_SISTEMA!$A$1:$Q$506,12,FALSE) -> IQUITOS | AW304: =VLOOKUP(D304,DATA_SISTEMA!$A$1:$Q$506,11,FALSE) -> MAYNAS | AX304: =VLOOKUP(D304,DATA_SISTEMA!$A$1:$Q$506,10,FALSE) -> LORETO | AY304: - | AZ304: 0000-00-00 | BA304: - | BB304: 0000-00-00 | BC304: - | BD304: 0000-00-00 | BE304: - | BF304: @UNPRG.EDU.PE | BG304: 64.2
A305: 304 | B305: AL | C305: OCAMPOS SEMBRERA, MIGUEL ANGEL | D305: 2811678 | E305: knchq@hotmail.com | F305: - | G305: 968054988 | H305: =VLOOKUP(D305,DATA_SISTEMA!$A$1:$Q$506,13,FALSE) -> JR. LIMA 611 | I305: =VLOOKUP(D305,DATA_SISTEMA!$A$1:$Q$506,7,FALSE) -> 1970-01-28 | J305: - | K305: - | L305: - | M305: 330 | N305: 0 | O305: =_xlfn.CONCAT(A305,"0020261X") -> 3040020261X | P305: - | Q305: - | R305: 2026-I | S305: I | T305: =VLOOKUP(D305,DATA_SISTEMA!$A$1:$Q$506,9,FALSE) -> M | U305: A | V305: - | W305: 0000-00-00 | X305: U | Y305: - | Z305: - | AA305: 0000-00-00 | AB305: - | AC305: - | AD305: - | AE305: - | AF305: - | AG305: - | AH305: OR | AI305: MIGUEL ANGEL | AJ305: OCAMPOS | AK305: SEMBRERA | AL305: 02811678 | AM305: - | AN305: - | AO305: - | AP305: - | AQ305: - | AR305: - | AS305: - | AT305: - | AU305: - | AV305: =VLOOKUP(D305,DATA_SISTEMA!$A$1:$Q$506,12,FALSE) -> CHULUCANAS | AW305: =VLOOKUP(D305,DATA_SISTEMA!$A$1:$Q$506,11,FALSE) -> MORROPON | AX305: =VLOOKUP(D305,DATA_SISTEMA!$A$1:$Q$506,10,FALSE) -> PIURA | AY305: - | AZ305: 0000-00-00 | BA305: - | BB305: 0000-00-00 | BC305: - | BD305: 0000-00-00 | BE305: - | BF305: @UNPRG.EDU.PE | BG305: 63
A306: 305 | B306: AL | C306: QUIROZ VILLALOBOS, NILTON CESAR | D306: 16707822 | E306: rasecqv@hotmail.com | F306: - | G306: 949694371 | H306: =VLOOKUP(D306,DATA_SISTEMA!$A$1:$Q$506,13,FALSE) -> URB. MONTERRICO II, MZ C, LOTE 4 | I306: =VLOOKUP(D306,DATA_SISTEMA!$A$1:$Q$506,7,FALSE) -> 1972-06-05 | J306: - | K306: - | L306: - | M306: 325 | N306: 0 | O306: =_xlfn.CONCAT(A306,"0020261X") -> 3050020261X | P306: - | Q306: - | R306: 2026-I | S306: II | T306: =VLOOKUP(D306,DATA_SISTEMA!$A$1:$Q$506,9,FALSE) -> M | U306: A | V306: - | W306: 0000-00-00 | X306: U | Y306: - | Z306: - | AA306: 0000-00-00 | AB306: - | AC306: - | AD306: - | AE306: - | AF306: - | AG306: - | AH306: OR | AI306: NILTON CESAR | AJ306: QUIROZ | AK306: VILLALOBOS | AL306: 16707822 | AM306: - | AN306: - | AO306: - | AP306: - | AQ306: - | AR306: - | AS306: - | AT306: - | AU306: - | AV306: =VLOOKUP(D306,DATA_SISTEMA!$A$1:$Q$506,12,FALSE) -> CHICLAYO | AW306: =VLOOKUP(D306,DATA_SISTEMA!$A$1:$Q$506,11,FALSE) -> CHICLAYO | AX306: =VLOOKUP(D306,DATA_SISTEMA!$A$1:$Q$506,10,FALSE) -> LAMBAYEQUE | AY306: - | AZ306: 0000-00-00 | BA306: - | BB306: 0000-00-00 | BC306: - | BD306: 0000-00-00 | BE306: - | BF306: @UNPRG.EDU.PE | BG306: 78
A307: 306 | B307: AL | C307: RIMARACHIN MANAY, CESAR | D307: 44453453 | E307: cerimarachin@gmail.com | F307: - | G307: 963522492 | H307: =VLOOKUP(D307,DATA_SISTEMA!$A$1:$Q$506,13,FALSE) -> SAN PEDRO 158 C.P.M. LUJAN | I307: =VLOOKUP(D307,DATA_SISTEMA!$A$1:$Q$506,7,FALSE) -> 1987-08-30 | J307: - | K307: - | L307: - | M307: 325 | N307: 0 | O307: =_xlfn.CONCAT(A307,"0020261X") -> 3060020261X | P307: - | Q307: - | R307: 2026-I | S307: II | T307: =VLOOKUP(D307,DATA_SISTEMA!$A$1:$Q$506,9,FALSE) -> M | U307: A | V307: - | W307: 0000-00-00 | X307: U | Y307: - | Z307: - | AA307: 0000-00-00 | AB307: - | AC307: - | AD307: - | AE307: - | AF307: - | AG307: - | AH307: OR | AI307: CESAR | AJ307: RIMARACHIN | AK307: MANAY | AL307: 44453453 | AM307: - | AN307: - | AO307: - | AP307: - | AQ307: - | AR307: - | AS307: - | AT307: - | AU307: - | AV307: =VLOOKUP(D307,DATA_SISTEMA!$A$1:$Q$506,12,FALSE) -> JOSE LEONARDO ORTIZ | AW307: =VLOOKUP(D307,DATA_SISTEMA!$A$1:$Q$506,11,FALSE) -> CHICLAYO | AX307: =VLOOKUP(D307,DATA_SISTEMA!$A$1:$Q$506,10,FALSE) -> LAMBAYEQUE | AY307: - | AZ307: 0000-00-00 | BA307: - | BB307: 0000-00-00 | BC307: - | BD307: 0000-00-00 | BE307: - | BF307: @UNPRG.EDU.PE | BG307: 74.5
A308: 307 | B308: AL | C308: SERQUEN ALARCON, DENIS ROLANDO | D308: 46720707 | E308: denis_sq2711@hotmail.com | F308: - | G308: 960698218 | H308: =VLOOKUP(D308,DATA_SISTEMA!$A$1:$Q$506,13,FALSE) -> LLOQUE YUPANQUI 1053 | I308: =VLOOKUP(D308,DATA_SISTEMA!$A$1:$Q$506,7,FALSE) -> 1991-11-27 | J308: - | K308: - | L308: - | M308: 325 | N308: 0 | O308: =_xlfn.CONCAT(A308,"0020261X") -> 3070020261X | P308: - | Q308: - | R308: 2026-I | S308: II | T308: =VLOOKUP(D308,DATA_SISTEMA!$A$1:$Q$506,9,FALSE) -> M | U308: A | V308: - | W308: 0000-00-00 | X308: U | Y308: - | Z308: - | AA308: 0000-00-00 | AB308: - | AC308: - | AD308: - | AE308: - | AF308: - | AG308: - | AH308: OR | AI308: DENIS ROLANDO | AJ308: SERQUEN | AK308: ALARCON | AL308: 46720707 | AM308: - | AN308: - | AO308: - | AP308: - | AQ308: - | AR308: - | AS308: - | AT308: - | AU308: - | AV308: =VLOOKUP(D308,DATA_SISTEMA!$A$1:$Q$506,12,FALSE) -> LA VICTORIA | AW308: =VLOOKUP(D308,DATA_SISTEMA!$A$1:$Q$506,11,FALSE) -> CHICLAYO | AX308: =VLOOKUP(D308,DATA_SISTEMA!$A$1:$Q$506,10,FALSE) -> LAMBAYEQUE | AY308: - | AZ308: 0000-00-00 | BA308: - | BB308: 0000-00-00 | BC308: - | BD308: 0000-00-00 | BE308: - | BF308: @UNPRG.EDU.PE | BG308: 72
A309: 308 | B309: AL | C309: RETO CHAVARRY, BRAULIO MARTIN JOSSMAR | D309: 45437477 | E309: braulioreto8@gmail.com | F309: - | G309: 979499826 | H309: =VLOOKUP(D309,DATA_SISTEMA!$A$1:$Q$506,13,FALSE) -> AV. GRA CAMPODONICO 751 | I309: =VLOOKUP(D309,DATA_SISTEMA!$A$1:$Q$506,7,FALSE) -> 1988-11-08 | J309: - | K309: - | L309: - | M309: 325 | N309: 0 | O309: =_xlfn.CONCAT(A309,"0020261X") -> 3080020261X | P309: - | Q309: - | R309: 2026-I | S309: II | T309: =VLOOKUP(D309,DATA_SISTEMA!$A$1:$Q$506,9,FALSE) -> M | U309: A | V309: - | W309: 0000-00-00 | X309: U | Y309: - | Z309: - | AA309: 0000-00-00 | AB309: - | AC309: - | AD309: - | AE309: - | AF309: - | AG309: - | AH309: OR | AI309: BRAULIO MARTIN JOSSMAR | AJ309: RETO | AK309: CHAVARRY | AL309: 45437477 | AM309: - | AN309: - | AO309: - | AP309: - | AQ309: - | AR309: - | AS309: - | AT309: - | AU309: - | AV309: =VLOOKUP(D309,DATA_SISTEMA!$A$1:$Q$506,12,FALSE) -> CHICLAYO | AW309: =VLOOKUP(D309,DATA_SISTEMA!$A$1:$Q$506,11,FALSE) -> CHICLAYO | AX309: =VLOOKUP(D309,DATA_SISTEMA!$A$1:$Q$506,10,FALSE) -> LAMBAYEQUE | AY309: - | AZ309: 0000-00-00 | BA309: - | BB309: 0000-00-00 | BC309: - | BD309: 0000-00-00 | BE309: - | BF309: @UNPRG.EDU.PE | BG309: 69.7
A310: 309 | B310: AL | C310: LLAJA LLONTOP, DARWIN JAVIER | D310: 44314825 | E310: djllaja03@gmail.com | F310: - | G310: 995488843 | H310: =VLOOKUP(D310,DATA_SISTEMA!$A$1:$Q$506,13,FALSE) -> CALLE ANTONIO MONSALVE BACA 868 | I310: =VLOOKUP(D310,DATA_SISTEMA!$A$1:$Q$506,7,FALSE) -> 1986-12-03 | J310: - | K310: - | L310: - | M310: 325 | N310: 0 | O310: =_xlfn.CONCAT(A310,"0020261X") -> 3090020261X | P310: - | Q310: - | R310: 2026-I | S310: II | T310: =VLOOKUP(D310,DATA_SISTEMA!$A$1:$Q$506,9,FALSE) -> M | U310: A | V310: - | W310: 0000-00-00 | X310: U | Y310: - | Z310: - | AA310: 0000-00-00 | AB310: - | AC310: - | AD310: - | AE310: - | AF310: - | AG310: - | AH310: OR | AI310: DARWIN JAVIER | AJ310: LLAJA | AK310: LLONTOP | AL310: 44314825 | AM310: - | AN310: - | AO310: - | AP310: - | AQ310: - | AR310: - | AS310: - | AT310: - | AU310: - | AV310: =VLOOKUP(D310,DATA_SISTEMA!$A$1:$Q$506,12,FALSE) -> LAMBAYEQUE | AW310: =VLOOKUP(D310,DATA_SISTEMA!$A$1:$Q$506,11,FALSE) -> LAMBAYEQUE | AX310: =VLOOKUP(D310,DATA_SISTEMA!$A$1:$Q$506,10,FALSE) -> LAMBAYEQUE | AY310: - | AZ310: 0000-00-00 | BA310: - | BB310: 0000-00-00 | BC310: - | BD310: 0000-00-00 | BE310: - | BF310: @UNPRG.EDU.PE | BG310: 65.7
A311: 310 | B311: AL | C311: POLICARPIO CACHAY, MILTON ABELARDO | D311: 41923767 | E311: miltonpc123@gmail.com | F311: - | G311: 990382651 | H311: =VLOOKUP(D311,DATA_SISTEMA!$A$1:$Q$506,13,FALSE) -> ANCASH 402 | I311: =VLOOKUP(D311,DATA_SISTEMA!$A$1:$Q$506,7,FALSE) -> 1983-02-20 | J311: - | K311: - | L311: - | M311: 325 | N311: 0 | O311: =_xlfn.CONCAT(A311,"0020261X") -> 3100020261X | P311: - | Q311: - | R311: 2026-I | S311: II | T311: =VLOOKUP(D311,DATA_SISTEMA!$A$1:$Q$506,9,FALSE) -> M | U311: A | V311: - | W311: 0000-00-00 | X311: U | Y311: - | Z311: - | AA311: 0000-00-00 | AB311: - | AC311: - | AD311: - | AE311: - | AF311: - | AG311: - | AH311: OR | AI311: MILTON ABELARDO | AJ311: POLICARPIO | AK311: CACHAY | AL311: 41923767 | AM311: - | AN311: - | AO311: - | AP311: - | AQ311: - | AR311: - | AS311: - | AT311: - | AU311: - | AV311: =VLOOKUP(D311,DATA_SISTEMA!$A$1:$Q$506,12,FALSE) -> BELLAVISTA | AW311: =VLOOKUP(D311,DATA_SISTEMA!$A$1:$Q$506,11,FALSE) -> SULLANA | AX311: =VLOOKUP(D311,DATA_SISTEMA!$A$1:$Q$506,10,FALSE) -> PIURA | AY311: - | AZ311: 0000-00-00 | BA311: - | BB311: 0000-00-00 | BC311: - | BD311: 0000-00-00 | BE311: - | BF311: @UNPRG.EDU.PE | BG311: 64.9
A312: 311 | B312: AL | C312: LUCENA GABRIELLI, JORGE LUIS | D312: 45016415 | E312: jlucenagabrielli@gmail.com | F312: - | G312: 968043708 | H312: =VLOOKUP(D312,DATA_SISTEMA!$A$1:$Q$506,13,FALSE) -> AV. SAENZ PEÑA 674 DEPTO #3 | I312: =VLOOKUP(D312,DATA_SISTEMA!$A$1:$Q$506,7,FALSE) -> 1988-03-24 | J312: - | K312: - | L312: - | M312: 325 | N312: 0 | O312: =_xlfn.CONCAT(A312,"0020261X") -> 3110020261X | P312: - | Q312: - | R312: 2026-I | S312: II | T312: =VLOOKUP(D312,DATA_SISTEMA!$A$1:$Q$506,9,FALSE) -> M | U312: A | V312: - | W312: 0000-00-00 | X312: U | Y312: - | Z312: - | AA312: 0000-00-00 | AB312: - | AC312: - | AD312: - | AE312: - | AF312: - | AG312: - | AH312: OR | AI312: JORGE LUIS | AJ312: LUCENA | AK312: GABRIELLI | AL312: 45016415 | AM312: - | AN312: - | AO312: - | AP312: - | AQ312: - | AR312: - | AS312: - | AT312: - | AU312: - | AV312: =VLOOKUP(D312,DATA_SISTEMA!$A$1:$Q$506,12,FALSE) -> CHICLAYO | AW312: =VLOOKUP(D312,DATA_SISTEMA!$A$1:$Q$506,11,FALSE) -> CHICLAYO | AX312: =VLOOKUP(D312,DATA_SISTEMA!$A$1:$Q$506,10,FALSE) -> LAMBAYEQUE | AY312: - | AZ312: 0000-00-00 | BA312: - | BB312: 0000-00-00 | BC312: - | BD312: 0000-00-00 | BE312: - | BF312: @UNPRG.EDU.PE | BG312: 64.5
A313: 312 | B313: AL | C313: VILCHERRES ORTIZ, CYNTHIA ELVA | D313: 46528893 | E313: cynthiavilor@gmail.com | F313: - | G313: 920190315 | H313: =VLOOKUP(D313,DATA_SISTEMA!$A$1:$Q$506,13,FALSE) -> AV. PEDRO CIEZA DE LEON 512. URB. LAS BRISAS | I313: =VLOOKUP(D313,DATA_SISTEMA!$A$1:$Q$506,7,FALSE) -> 1990-09-18 | J313: - | K313: - | L313: - | M313: 325 | N313: 0 | O313: =_xlfn.CONCAT(A313,"0020261X") -> 3120020261X | P313: - | Q313: - | R313: 2026-I | S313: II | T313: =VLOOKUP(D313,DATA_SISTEMA!$A$1:$Q$506,9,FALSE) -> F | U313: A | V313: - | W313: 0000-00-00 | X313: U | Y313: - | Z313: - | AA313: 0000-00-00 | AB313: - | AC313: - | AD313: - | AE313: - | AF313: - | AG313: - | AH313: OR | AI313: CYNTHIA ELVA | AJ313: VILCHERRES | AK313: ORTIZ | AL313: 46528893 | AM313: - | AN313: - | AO313: - | AP313: - | AQ313: - | AR313: - | AS313: - | AT313: - | AU313: - | AV313: =VLOOKUP(D313,DATA_SISTEMA!$A$1:$Q$506,12,FALSE) -> CHICLAYO | AW313: =VLOOKUP(D313,DATA_SISTEMA!$A$1:$Q$506,11,FALSE) -> CHICLAYO | AX313: =VLOOKUP(D313,DATA_SISTEMA!$A$1:$Q$506,10,FALSE) -> LAMBAYEQUE | AY313: - | AZ313: 0000-00-00 | BA313: - | BB313: 0000-00-00 | BC313: - | BD313: 0000-00-00 | BE313: - | BF313: @UNPRG.EDU.PE | BG313: 63.4
A314: 313 | B314: AL | C314: BARRUETO FALEN, MIGUEL ARTURO | D314: 41379898 | E314: miguelbarrueto777@gmail.com | F314: - | G314: 990935504 | H314: =VLOOKUP(D314,DATA_SISTEMA!$A$1:$Q$506,13,FALSE) -> AV. SALAVERRY 1945. URB. 3 DE OCTUBRE - CHICLAYO. | I314: =VLOOKUP(D314,DATA_SISTEMA!$A$1:$Q$506,7,FALSE) -> 1981-12-14 | J314: - | K314: - | L314: - | M314: 325 | N314: 0 | O314: =_xlfn.CONCAT(A314,"0020261X") -> 3130020261X | P314: - | Q314: - | R314: 2026-I | S314: II | T314: =VLOOKUP(D314,DATA_SISTEMA!$A$1:$Q$506,9,FALSE) -> M | U314: A | V314: - | W314: 0000-00-00 | X314: U | Y314: - | Z314: - | AA314: 0000-00-00 | AB314: - | AC314: - | AD314: - | AE314: - | AF314: - | AG314: - | AH314: OR | AI314: MIGUEL ARTURO | AJ314: BARRUETO | AK314: FALEN | AL314: 41379898 | AM314: - | AN314: - | AO314: - | AP314: - | AQ314: - | AR314: - | AS314: - | AT314: - | AU314: - | AV314: =VLOOKUP(D314,DATA_SISTEMA!$A$1:$Q$506,12,FALSE) -> CHICLAYO | AW314: =VLOOKUP(D314,DATA_SISTEMA!$A$1:$Q$506,11,FALSE) -> CHICLAYO | AX314: =VLOOKUP(D314,DATA_SISTEMA!$A$1:$Q$506,10,FALSE) -> LAMBAYEQUE | AY314: - | AZ314: 0000-00-00 | BA314: - | BB314: 0000-00-00 | BC314: - | BD314: 0000-00-00 | BE314: - | BF314: @UNPRG.EDU.PE | BG314: 63
A315: 314 | B315: AL | C315: MURO VALLADARES, MIGUEL OSMAR | D315: 44685921 | E315: muromiguel0212@gmail.com | F315: - | G315: 943732547 | H315: =VLOOKUP(D315,DATA_SISTEMA!$A$1:$Q$506,13,FALSE) -> AV. PIURA N°138 | I315: =VLOOKUP(D315,DATA_SISTEMA!$A$1:$Q$506,7,FALSE) -> 1987-12-02 | J315: - | K315: - | L315: - | M315: 325 | N315: 0 | O315: =_xlfn.CONCAT(A315,"0020261X") -> 3140020261X | P315: - | Q315: - | R315: 2026-I | S315: II | T315: =VLOOKUP(D315,DATA_SISTEMA!$A$1:$Q$506,9,FALSE) -> M | U315: A | V315: - | W315: 0000-00-00 | X315: U | Y315: - | Z315: - | AA315: 0000-00-00 | AB315: - | AC315: - | AD315: - | AE315: - | AF315: - | AG315: - | AH315: OR | AI315: MIGUEL OSMAR | AJ315: MURO | AK315: VALLADARES | AL315: 44685921 | AM315: - | AN315: - | AO315: - | AP315: - | AQ315: - | AR315: - | AS315: - | AT315: - | AU315: - | AV315: =VLOOKUP(D315,DATA_SISTEMA!$A$1:$Q$506,12,FALSE) -> TUMBES | AW315: =VLOOKUP(D315,DATA_SISTEMA!$A$1:$Q$506,11,FALSE) -> TUMBES | AX315: =VLOOKUP(D315,DATA_SISTEMA!$A$1:$Q$506,10,FALSE) -> TUMBES | AY315: - | AZ315: 0000-00-00 | BA315: - | BB315: 0000-00-00 | BC315: - | BD315: 0000-00-00 | BE315: - | BF315: @UNPRG.EDU.PE | BG315: 63
A316: 315 | B316: AL | C316: GUZMAN DIAZ, OLIVER DANIEL | D316: 41600624 | E316: oliverdaniel.guzmandiaz@gmail.com | F316: - | G316: 968239466 | H316: =VLOOKUP(D316,DATA_SISTEMA!$A$1:$Q$506,13,FALSE) -> URBANIZACION SAN JOSE CALLE 3 # 1509 | I316: =VLOOKUP(D316,DATA_SISTEMA!$A$1:$Q$506,7,FALSE) -> 1979-11-08 | J316: - | K316: - | L316: - | M316: 325 | N316: 0 | O316: =_xlfn.CONCAT(A316,"0020261X") -> 3150020261X | P316: - | Q316: - | R316: 2026-I | S316: II | T316: =VLOOKUP(D316,DATA_SISTEMA!$A$1:$Q$506,9,FALSE) -> M | U316: A | V316: - | W316: 0000-00-00 | X316: U | Y316: - | Z316: - | AA316: 0000-00-00 | AB316: - | AC316: - | AD316: - | AE316: - | AF316: - | AG316: - | AH316: OR | AI316: OLIVER DANIEL | AJ316: GUZMAN | AK316: DIAZ | AL316: 41600624 | AM316: - | AN316: - | AO316: - | AP316: - | AQ316: - | AR316: - | AS316: - | AT316: - | AU316: - | AV316: =VLOOKUP(D316,DATA_SISTEMA!$A$1:$Q$506,12,FALSE) -> PIURA | AW316: =VLOOKUP(D316,DATA_SISTEMA!$A$1:$Q$506,11,FALSE) -> PIURA | AX316: =VLOOKUP(D316,DATA_SISTEMA!$A$1:$Q$506,10,FALSE) -> PIURA | AY316: - | AZ316: 0000-00-00 | BA316: - | BB316: 0000-00-00 | BC316: - | BD316: 0000-00-00 | BE316: - | BF316: @UNPRG.EDU.PE | BG316: 62.7
A317: 316 | B317: AL | C317: GONZALES LIZANA, CAROLAY DAYANA | D317: 48318009 | E317: carolaygonzales94@gmail.com | F317: - | G317: 978878772 | H317: =VLOOKUP(D317,DATA_SISTEMA!$A$1:$Q$506,13,FALSE) -> AVENIDA MEXICO 3564 | I317: =VLOOKUP(D317,DATA_SISTEMA!$A$1:$Q$506,7,FALSE) -> 1994-05-10 | J317: - | K317: - | L317: - | M317: 325 | N317: 0 | O317: =_xlfn.CONCAT(A317,"0020261X") -> 3160020261X | P317: - | Q317: - | R317: 2026-I | S317: II | T317: =VLOOKUP(D317,DATA_SISTEMA!$A$1:$Q$506,9,FALSE) -> F | U317: A | V317: - | W317: 0000-00-00 | X317: U | Y317: - | Z317: - | AA317: 0000-00-00 | AB317: - | AC317: - | AD317: - | AE317: - | AF317: - | AG317: - | AH317: OR | AI317: CAROLAY DAYANA | AJ317: GONZALES | AK317: LIZANA | AL317: 48318009 | AM317: - | AN317: - | AO317: - | AP317: - | AQ317: - | AR317: - | AS317: - | AT317: - | AU317: - | AV317: =VLOOKUP(D317,DATA_SISTEMA!$A$1:$Q$506,12,FALSE) -> JOSE LEONARDO ORTIZ | AW317: =VLOOKUP(D317,DATA_SISTEMA!$A$1:$Q$506,11,FALSE) -> CHICLAYO | AX317: =VLOOKUP(D317,DATA_SISTEMA!$A$1:$Q$506,10,FALSE) -> LAMBAYEQUE | AY317: - | AZ317: 0000-00-00 | BA317: - | BB317: 0000-00-00 | BC317: - | BD317: 0000-00-00 | BE317: - | BF317: @UNPRG.EDU.PE | BG317: 61
... A335: 334 | B335: AL | C335: ROJAS BARBOZA, JOHN HAROLD | D335: 41160658 | E335: john.rojas.barboza1981@gmail.com | F335: - | G335: 936903797 | H335: =VLOOKUP(D335,DATA_SISTEMA!$A$1:$Q$506,13,FALSE) -> URB. MIRAFLORES II ETAPA MZ. LT T 9 | I335: =VLOOKUP(D335,DATA_SISTEMA!$A$1:$Q$506,7,FALSE) -> 1981-05-16 | J335: - | K335: - | L335: - | M335: 328 | N335: 0 | O335: =_xlfn.CONCAT(A335,"0020261X") -> 3340020261X | P335: - | Q335: - | R335: 2026-I | S335: I | T335: =VLOOKUP(D335,DATA_SISTEMA!$A$1:$Q$506,9,FALSE) -> M | U335: A | V335: - | W335: 0000-00-00 | X335: U | Y335: - | Z335: - | AA335: 0000-00-00 | AB335: - | AC335: - | AD335: - | AE335: - | AF335: - | AG335: - | AH335: OR | AI335: JOHN HAROLD | AJ335: ROJAS | AK335: BARBOZA | AL335: 41160658 | AM335: - | AN335: - | AO335: - | AP335: - | AQ335: - | AR335: - | AS335: - | AT335: - | AU335: - | AV335: =VLOOKUP(D335,DATA_SISTEMA!$A$1:$Q$506,12,FALSE) -> CHICLAYO | AW335: =VLOOKUP(D335,DATA_SISTEMA!$A$1:$Q$506,11,FALSE) -> CHICLAYO | AX335: =VLOOKUP(D335,DATA_SISTEMA!$A$1:$Q$506,10,FALSE) -> LAMBAYEQUE | AY335: - | AZ335: 0000-00-00 | BA335: - | BB335: 0000-00-00 | BC335: - | BD335: 0000-00-00 | BE335: - | BF335: @UNPRG.EDU.PE | BG335: 68.5
A336: 335 | B336: AL | C336: ZUÑE MONTALVO, EULER WILFREDO | D336: 9796909 | E336: gerenciageneral@alimentaperu.pe | F336: - | G336: 905441358 | H336: =VLOOKUP(D336,DATA_SISTEMA!$A$1:$Q$506,13,FALSE) -> AV. FRANCISCO BOLOGNESI 472 | I336: =VLOOKUP(D336,DATA_SISTEMA!$A$1:$Q$506,7,FALSE) -> 1971-09-12 | J336: - | K336: - | L336: - | M336: 328 | N336: 0 | O336: =_xlfn.CONCAT(A336,"0020261X") -> 3350020261X | P336: - | Q336: - | R336: 2026-I | S336: I | T336: =VLOOKUP(D336,DATA_SISTEMA!$A$1:$Q$506,9,FALSE) -> M | U336: A | V336: - | W336: 0000-00-00 | X336: U | Y336: - | Z336: - | AA336: 0000-00-00 | AB336: - | AC336: - | AD336: - | AE336: - | AF336: - | AG336: - | AH336: OR | AI336: EULER WILFREDO | AJ336: ZUÑE | AK336: MONTALVO | AL336: 09796909 | AM336: - | AN336: - | AO336: - | AP336: - | AQ336: - | AR336: - | AS336: - | AT336: - | AU336: - | AV336: =VLOOKUP(D336,DATA_SISTEMA!$A$1:$Q$506,12,FALSE) -> CHICLAYO | AW336: =VLOOKUP(D336,DATA_SISTEMA!$A$1:$Q$506,11,FALSE) -> CHICLAYO | AX336: =VLOOKUP(D336,DATA_SISTEMA!$A$1:$Q$506,10,FALSE) -> LAMBAYEQUE | AY336: - | AZ336: 0000-00-00 | BA336: - | BB336: 0000-00-00 | BC336: - | BD336: 0000-00-00 | BE336: - | BF336: @UNPRG.EDU.PE | BG336: 68.5
A337: 336 | B337: AL | C337: RODAS HUERTAS, ELI HUBER | D337: 40366179 | E337: rodashuertase@gmail.com | F337: - | G337: 926294937 | H337: =VLOOKUP(D337,DATA_SISTEMA!$A$1:$Q$506,13,FALSE) -> PASAAJE RIO MARAÑON N°190 MARIA PARADO DE BELLIDO - JLO - CHICLAYO | I337: =VLOOKUP(D337,DATA_SISTEMA!$A$1:$Q$506,7,FALSE) -> 1978-05-03 | J337: - | K337: - | L337: - | M337: 328 | N337: 0 | O337: =_xlfn.CONCAT(A337,"0020261X") -> 3360020261X | P337: - | Q337: - | R337: 2026-I | S337: I | T337: =VLOOKUP(D337,DATA_SISTEMA!$A$1:$Q$506,9,FALSE) -> M | U337: A | V337: - | W337: 0000-00-00 | X337: U | Y337: - | Z337: - | AA337: 0000-00-00 | AB337: - | AC337: - | AD337: - | AE337: - | AF337: - | AG337: - | AH337: OR | AI337: ELI HUBER | AJ337: RODAS | AK337: HUERTAS | AL337: 40366179 | AM337: - | AN337: - | AO337: - | AP337: - | AQ337: - | AR337: - | AS337: - | AT337: - | AU337: - | AV337: =VLOOKUP(D337,DATA_SISTEMA!$A$1:$Q$506,12,FALSE) -> LA FLORIDA | AW337: =VLOOKUP(D337,DATA_SISTEMA!$A$1:$Q$506,11,FALSE) -> SAN MIGUEL | AX337: =VLOOKUP(D337,DATA_SISTEMA!$A$1:$Q$506,10,FALSE) -> CAJAMARCA | AY337: - | AZ337: 0000-00-00 | BA337: - | BB337: 0000-00-00 | BC337: - | BD337: 0000-00-00 | BE337: - | BF337: @UNPRG.EDU.PE | BG337: 68.2
A338: 337 | B338: AL | C338: BENAVIDES RODRIGUEZ, EXEQUIEL | D338: 47515394 | E338: exe_berodri@hotmail.com | F338: - | G338: 976003092 | H338: =VLOOKUP(D338,DATA_SISTEMA!$A$1:$Q$506,13,FALSE) -> JOSE GALVES 117 | I338: =VLOOKUP(D338,DATA_SISTEMA!$A$1:$Q$506,7,FALSE) -> 1993-01-09 | J338: - | K338: - | L338: - | M338: 328 | N338: 0 | O338: =_xlfn.CONCAT(A338,"0020261X") -> 3370020261X | P338: - | Q338: - | R338: 2026-I | S338: I | T338: =VLOOKUP(D338,DATA_SISTEMA!$A$1:$Q$506,9,FALSE) -> M | U338: A | V338: - | W338: 0000-00-00 | X338: U | Y338: - | Z338: - | AA338: 0000-00-00 | AB338: - | AC338: - | AD338: - | AE338: - | AF338: - | AG338: - | AH338: OR | AI338: EXEQUIEL | AJ338: BENAVIDES | AK338: RODRIGUEZ | AL338: 47515394 | AM338: - | AN338: - | AO338: - | AP338: - | AQ338: - | AR338: - | AS338: - | AT338: - | AU338: - | AV338: =VLOOKUP(D338,DATA_SISTEMA!$A$1:$Q$506,12,FALSE) -> LAJAS | AW338: =VLOOKUP(D338,DATA_SISTEMA!$A$1:$Q$506,11,FALSE) -> CHOTA | AX338: =VLOOKUP(D338,DATA_SISTEMA!$A$1:$Q$506,10,FALSE) -> CAJAMARCA | AY338: - | AZ338: 0000-00-00 | BA338: - | BB338: 0000-00-00 | BC338: - | BD338: 0000-00-00 | BE338: - | BF338: @UNPRG.EDU.PE | BG338: 67
A339: 338 | B339: AL | C339: VENTURA SUCLUPE, JUAN JOSE | D339: 48042572 | E339: juanjoseventurasuclupe@gmail.com | F339: - | G339: 968408629 | H339: =VLOOKUP(D339,DATA_SISTEMA!$A$1:$Q$506,13,FALSE) -> CARRETERA PANAMERICANA NORTE KM 847 | I339: =VLOOKUP(D339,DATA_SISTEMA!$A$1:$Q$506,7,FALSE) -> 1993-10-19 | J339: - | K339: - | L339: - | M339: 328 | N339: 0 | O339: =_xlfn.CONCAT(A339,"0020261X") -> 3380020261X | P339: - | Q339: - | R339: 2026-I | S339: I | T339: =VLOOKUP(D339,DATA_SISTEMA!$A$1:$Q$506,9,FALSE) -> M | U339: A | V339: - | W339: 0000-00-00 | X339: U | Y339: - | Z339: - | AA339: 0000-00-00 | AB339: - | AC339: - | AD339: - | AE339: - | AF339: - | AG339: - | AH339: OR | AI339: JUAN JOSE | AJ339: VENTURA | AK339: SUCLUPE | AL339: 48042572 | AM339: - | AN339: - | AO339: - | AP339: - | AQ339: - | AR339: - | AS339: - | AT339: - | AU339: - | AV339: =VLOOKUP(D339,DATA_SISTEMA!$A$1:$Q$506,12,FALSE) -> MORROPE | AW339: =VLOOKUP(D339,DATA_SISTEMA!$A$1:$Q$506,11,FALSE) -> LAMBAYEQUE | AX339: =VLOOKUP(D339,DATA_SISTEMA!$A$1:$Q$506,10,FALSE) -> LAMBAYEQUE | AY339: - | AZ339: 0000-00-00 | BA339: - | BB339: 0000-00-00 | BC339: - | BD339: 0000-00-00 | BE339: - | BF339: @UNPRG.EDU.PE | BG339: 67
A340: 339 | B340: AL | C340: LLONTOP EFFIO, YAJAHIRA LORENA | D340: 80612579 | E340: yllontopee@gmail.com | F340: - | G340: 996187265 | H340: =VLOOKUP(D340,DATA_SISTEMA!$A$1:$Q$506,13,FALSE) -> CALLE FRANCISCO CABRERA N°1151 | I340: =VLOOKUP(D340,DATA_SISTEMA!$A$1:$Q$506,7,FALSE) -> 1979-05-31 | J340: - | K340: - | L340: - | M340: 328 | N340: 0 | O340: =_xlfn.CONCAT(A340,"0020261X") -> 3390020261X | P340: - | Q340: - | R340: 2026-I | S340: I | T340: =VLOOKUP(D340,DATA_SISTEMA!$A$1:$Q$506,9,FALSE) -> F | U340: A | V340: - | W340: 0000-00-00 | X340: U | Y340: - | Z340: - | AA340: 0000-00-00 | AB340: - | AC340: - | AD340: - | AE340: - | AF340: - | AG340: - | AH340: OR | AI340: YAJAHIRA LORENA | AJ340: LLONTOP | AK340: EFFIO | AL340: 80612579 | AM340: - | AN340: - | AO340: - | AP340: - | AQ340: - | AR340: - | AS340: - | AT340: - | AU340: - | AV340: =VLOOKUP(D340,DATA_SISTEMA!$A$1:$Q$506,12,FALSE) -> CHICLAYO | AW340: =VLOOKUP(D340,DATA_SISTEMA!$A$1:$Q$506,11,FALSE) -> CHICLAYO | AX340: =VLOOKUP(D340,DATA_SISTEMA!$A$1:$Q$506,10,FALSE) -> LAMBAYEQUE | AY340: - | AZ340: 0000-00-00 | BA340: - | BB340: 0000-00-00 | BC340: - | BD340: 0000-00-00 | BE340: - | BF340: @UNPRG.EDU.PE | BG340: 66.6
A341: 340 | B341: AL | C341: FARROÑAN VALDERA, CINTHIA ROXANA | D341: 75879465 | E341: farronanvalderacinthia@gmail.com | F341: - | G341: 935563100 | H341: =VLOOKUP(D341,DATA_SISTEMA!$A$1:$Q$506,13,FALSE) -> CASERIO TRANCA FANUPE | I341: =VLOOKUP(D341,DATA_SISTEMA!$A$1:$Q$506,7,FALSE) -> 1996-10-12 | J341: - | K341: - | L341: - | M341: 328 | N341: 0 | O341: =_xlfn.CONCAT(A341,"0020261X") -> 3400020261X | P341: - | Q341: - | R341: 2026-I | S341: I | T341: =VLOOKUP(D341,DATA_SISTEMA!$A$1:$Q$506,9,FALSE) -> F | U341: A | V341: - | W341: 0000-00-00 | X341: U | Y341: - | Z341: - | AA341: 0000-00-00 | AB341: - | AC341: - | AD341: - | AE341: - | AF341: - | AG341: - | AH341: OR | AI341: CINTHIA ROXANA | AJ341: FARROÑAN | AK341: VALDERA | AL341: 75879465 | AM341: - | AN341: - | AO341: - | AP341: - | AQ341: - | AR341: - | AS341: - | AT341: - | AU341: - | AV341: =VLOOKUP(D341,DATA_SISTEMA!$A$1:$Q$506,12,FALSE) -> MORROPE | AW341: =VLOOKUP(D341,DATA_SISTEMA!$A$1:$Q$506,11,FALSE) -> LAMBAYEQUE | AX341: =VLOOKUP(D341,DATA_SISTEMA!$A$1:$Q$506,10,FALSE) -> LAMBAYEQUE | AY341: - | AZ341: 0000-00-00 | BA341: - | BB341: 0000-00-00 | BC341: - | BD341: 0000-00-00 | BE341: - | BF341: @UNPRG.EDU.PE | BG341: 65.6
A342: 341 | B342: AL | C342: MEGO SANTISTEBAN, LETICIA LUCILA | D342: 16718184 | E342: aruba_llm@hotmail.com | F342: - | G342: 914244340 | H342: =VLOOKUP(D342,DATA_SISTEMA!$A$1:$Q$506,13,FALSE) -> SOTO MARTINEZ N° 158- GC FEDERICO VILLARREAL | I342: =VLOOKUP(D342,DATA_SISTEMA!$A$1:$Q$506,7,FALSE) -> 1973-09-06 | J342: - | K342: - | L342: - | M342: 328 | N342: 0 | O342: =_xlfn.CONCAT(A342,"0020261X") -> 3410020261X | P342: - | Q342: - | R342: 2026-I | S342: I | T342: =VLOOKUP(D342,DATA_SISTEMA!$A$1:$Q$506,9,FALSE) -> F | U342: A | V342: - | W342: 0000-00-00 | X342: U | Y342: - | Z342: - | AA342: 0000-00-00 | AB342: - | AC342: - | AD342: - | AE342: - | AF342: - | AG342: - | AH342: OR | AI342: LETICIA LUCILA | AJ342: MEGO | AK342: SANTISTEBAN | AL342: 16718184 | AM342: - | AN342: - | AO342: - | AP342: - | AQ342: - | AR342: - | AS342: - | AT342: - | AU342: - | AV342: =VLOOKUP(D342,DATA_SISTEMA!$A$1:$Q$506,12,FALSE) -> FERREÑAFE | AW342: =VLOOKUP(D342,DATA_SISTEMA!$A$1:$Q$506,11,FALSE) -> FERREÑAFE | AX342: =VLOOKUP(D342,DATA_SISTEMA!$A$1:$Q$506,10,FALSE) -> LAMBAYEQUE | AY342: - | AZ342: 0000-00-00 | BA342: - | BB342: 0000-00-00 | BC342: - | BD342: 0000-00-00 | BE342: - | BF342: @UNPRG.EDU.PE | BG342: 62.4
A343: 342 | B343: AL | C343: LLAUCE SANTAMARIA, VICTOR GENARO | D343: 42707881 | E343: a_driano22@hotmail.com | F343: - | G343: 977177076 | H343: =VLOOKUP(D343,DATA_SISTEMA!$A$1:$Q$506,13,FALSE) -> AV. TUPAC AMARU 205 | I343: =VLOOKUP(D343,DATA_SISTEMA!$A$1:$Q$506,7,FALSE) -> 1984-12-11 | J343: - | K343: - | L343: - | M343: 328 | N343: 0 | O343: =_xlfn.CONCAT(A343,"0020261X") -> 3420020261X | P343: - | Q343: - | R343: 2026-I | S343: I | T343: =VLOOKUP(D343,DATA_SISTEMA!$A$1:$Q$506,9,FALSE) -> M | U343: A | V343: - | W343: 0000-00-00 | X343: U | Y343: - | Z343: - | AA343: 0000-00-00 | AB343: - | AC343: - | AD343: - | AE343: - | AF343: - | AG343: - | AH343: OR | AI343: VICTOR GENARO | AJ343: LLAUCE | AK343: SANTAMARIA | AL343: 42707881 | AM343: - | AN343: - | AO343: - | AP343: - | AQ343: - | AR343: - | AS343: - | AT343: - | AU343: - | AV343: =VLOOKUP(D343,DATA_SISTEMA!$A$1:$Q$506,12,FALSE) -> MORROPE | AW343: =VLOOKUP(D343,DATA_SISTEMA!$A$1:$Q$506,11,FALSE) -> LAMBAYEQUE | AX343: =VLOOKUP(D343,DATA_SISTEMA!$A$1:$Q$506,10,FALSE) -> LAMBAYEQUE | AY343: - | AZ343: 0000-00-00 | BA343: - | BB343: 0000-00-00 | BC343: - | BD343: 0000-00-00 | BE343: - | BF343: @UNPRG.EDU.PE | BG343: 61
A344: 343 | B344: AL | C344: PINGLO PEÑA, MARTHA TATIANA | D344: 75475198 | E344: taty_0126_1997@hotmail.com | F344: - | G344: 934195823 | H344: =VLOOKUP(D344,DATA_SISTEMA!$A$1:$Q$506,13,FALSE) -> P.J AMPLIACION VICTOR RAUL HAYA DE LA TORRE MZ. C LT. 05 REF. P.J. PARQUE ZONAL | I344: =VLOOKUP(D344,DATA_SISTEMA!$A$1:$Q$506,7,FALSE) -> 1997-01-26 | J344: - | K344: - | L344: - | M344: 328 | N344: 0 | O344: =_xlfn.CONCAT(A344,"0020261X") -> 3430020261X | P344: - | Q344: - | R344: 2026-I | S344: I | T344: =VLOOKUP(D344,DATA_SISTEMA!$A$1:$Q$506,9,FALSE) -> F | U344: A | V344: - | W344: 0000-00-00 | X344: U | Y344: - | Z344: - | AA344: 0000-00-00 | AB344: - | AC344: - | AD344: - | AE344: - | AF344: - | AG344: - | AH344: OR | AI344: MARTHA TATIANA | AJ344: PINGLO | AK344: PEÑA | AL344: 75475198 | AM344: - | AN344: - | AO344: - | AP344: - | AQ344: - | AR344: - | AS344: - | AT344: - | AU344: - | AV344: =VLOOKUP(D344,DATA_SISTEMA!$A$1:$Q$506,12,FALSE) -> LA VICTORIA | AW344: =VLOOKUP(D344,DATA_SISTEMA!$A$1:$Q$506,11,FALSE) -> CHICLAYO | AX344: =VLOOKUP(D344,DATA_SISTEMA!$A$1:$Q$506,10,FALSE) -> LAMBAYEQUE | AY344: - | AZ344: 0000-00-00 | BA344: - | BB344: 0000-00-00 | BC344: - | BD344: 0000-00-00 | BE344: - | BF344: @UNPRG.EDU.PE | BG344: 57.8
A345: 344 | B345: AL | C345: CORONEL GUEVARA, AURORA DEL ROCIO | D345: 45810268 | E345: acoronelgu@unprg.edu.pe | F345: - | G345: 979109191 | H345: =VLOOKUP(D345,DATA_SISTEMA!$A$1:$Q$506,13,FALSE) -> RICARDO PALMA 239, JOSE LEONARDO ORTIZ-CHICLAYO | I345: =VLOOKUP(D345,DATA_SISTEMA!$A$1:$Q$506,7,FALSE) -> 1992-10-16 | J345: - | K345: - | L345: - | M345: 327 | N345: 0 | O345: =_xlfn.CONCAT(A345,"0020261X") -> 3440020261X | P345: - | Q345: - | R345: 2026-I | S345: I | T345: =VLOOKUP(D345,DATA_SISTEMA!$A$1:$Q$506,9,FALSE) -> F | U345: A | V345: - | W345: 0000-00-00 | X345: U | Y345: - | Z345: - | AA345: 0000-00-00 | AB345: - | AC345: - | AD345: - | AE345: - | AF345: - | AG345: - | AH345: OR | AI345: AURORA DEL ROCIO | AJ345: CORONEL | AK345: GUEVARA | AL345: 45810268 | AM345: - | AN345: - | AO345: - | AP345: - | AQ345: - | AR345: - | AS345: - | AT345: - | AU345: - | AV345: =VLOOKUP(D345,DATA_SISTEMA!$A$1:$Q$506,12,FALSE) -> JOSE LEONARDO ORTIZ | AW345: =VLOOKUP(D345,DATA_SISTEMA!$A$1:$Q$506,11,FALSE) -> CHICLAYO | AX345: =VLOOKUP(D345,DATA_SISTEMA!$A$1:$Q$506,10,FALSE) -> LAMBAYEQUE | AY345: - | AZ345: 0000-00-00 | BA345: - | BB345: 0000-00-00 | BC345: - | BD345: 0000-00-00 | BE345: - | BF345: @UNPRG.EDU.PE | BG345: 83
A346: 345 | B346: AL | C346: VASQUEZ SILVA, PERSI | D346: 47373478 | E346: persi_0922@hotmail.com | F346: - | G346: 954693044 | H346: =VLOOKUP(D346,DATA_SISTEMA!$A$1:$Q$506,13,FALSE) -> CASERIO PAJURILLO | I346: =VLOOKUP(D346,DATA_SISTEMA!$A$1:$Q$506,7,FALSE) -> 1992-09-22 | J346: - | K346: - | L346: - | M346: 327 | N346: 0 | O346: =_xlfn.CONCAT(A346,"0020261X") -> 3450020261X | P346: - | Q346: - | R346: 2026-I | S346: I | T346: =VLOOKUP(D346,DATA_SISTEMA!$A$1:$Q$506,9,FALSE) -> M | U346: A | V346: - | W346: 0000-00-00 | X346: U | Y346: - | Z346: - | AA346: 0000-00-00 | AB346: - | AC346: - | AD346: - | AE346: - | AF346: - | AG346: - | AH346: OR | AI346: PERSI | AJ346: VASQUEZ | AK346: SILVA | AL346: 47373478 | AM346: - | AN346: - | AO346: - | AP346: - | AQ346: - | AR346: - | AS346: - | AT346: - | AU346: - | AV346: =VLOOKUP(D346,DATA_SISTEMA!$A$1:$Q$506,12,FALSE) -> QUEROCOTILLO | AW346: =VLOOKUP(D346,DATA_SISTEMA!$A$1:$Q$506,11,FALSE) -> CUTERVO | AX346: =VLOOKUP(D346,DATA_SISTEMA!$A$1:$Q$506,10,FALSE) -> CAJAMARCA | AY346: - | AZ346: 0000-00-00 | BA346: - | BB346: 0000-00-00 | BC346: - | BD346: 0000-00-00 | BE346: - | BF346: @UNPRG.EDU.PE | BG346: 80.3
A347: 346 | B347: AL | C347: MOYANO MUÑOZ, CARLOS ALBERTO | D347: 44842913 | E347: cmoyano@agrosimesd.com | F347: - | G347: 923026775 | H347: =VLOOKUP(D347,DATA_SISTEMA!$A$1:$Q$506,13,FALSE) -> SOL DE PIMENTEL MZ C LT. 18 / GALILEA-PIMENTEL | I347: =VLOOKUP(D347,DATA_SISTEMA!$A$1:$Q$506,7,FALSE) -> 1988-01-19 | J347: - | K347: - | L347: - | M347: 327 | N347: 0 | O347: =_xlfn.CONCAT(A347,"0020261X") -> 3460020261X | P347: - | Q347: - | R347: 2026-I | S347: I | T347: =VLOOKUP(D347,DATA_SISTEMA!$A$1:$Q$506,9,FALSE) -> M | U347: A | V347: - | W347: 0000-00-00 | X347: U | Y347: - | Z347: - | AA347: 0000-00-00 | AB347: - | AC347: - | AD347: - | AE347: - | AF347: - | AG347: - | AH347: OR | AI347: CARLOS ALBERTO | AJ347: MOYANO | AK347: MUÑOZ | AL347: 44842913 | AM347: - | AN347: - | AO347: - | AP347: - | AQ347: - | AR347: - | AS347: - | AT347: - | AU347: - | AV347: =VLOOKUP(D347,DATA_SISTEMA!$A$1:$Q$506,12,FALSE) -> PIMENTEL | AW347: =VLOOKUP(D347,DATA_SISTEMA!$A$1:$Q$506,11,FALSE) -> CHICLAYO | AX347: =VLOOKUP(D347,DATA_SISTEMA!$A$1:$Q$506,10,FALSE) -> LAMBAYEQUE | AY347: - | AZ347: 0000-00-00 | BA347: - | BB347: 0000-00-00 | BC347: - | BD347: 0000-00-00 | BE347: - | BF347: @UNPRG.EDU.PE | BG347: 79.6
A348: 347 | B348: AL | C348: RUBIO RAMIREZ, DERMALI | D348: 40021177 | E348: dermali5060@gmail.com | F348: - | G348: 925812685 | H348: =VLOOKUP(D348,DATA_SISTEMA!$A$1:$Q$506,13,FALSE) -> CALLE TUPAC AMARU 18 | I348: =VLOOKUP(D348,DATA_SISTEMA!$A$1:$Q$506,7,FALSE) -> 1978-01-09 | J348: - | K348: - | L348: - | M348: 327 | N348: 0 | O348: =_xlfn.CONCAT(A348,"0020261X") -> 3470020261X | P348: - | Q348: - | R348: 2026-I | S348: I | T348: =VLOOKUP(D348,DATA_SISTEMA!$A$1:$Q$506,9,FALSE) -> M | U348: A | V348: - | W348: 0000-00-00 | X348: U | Y348: - | Z348: - | AA348: 0000-00-00 | AB348: - | AC348: - | AD348: - | AE348: - | AF348: - | AG348: - | AH348: OR | AI348: DERMALI | AJ348: RUBIO | AK348: RAMIREZ | AL348: 40021177 | AM348: - | AN348: - | AO348: - | AP348: - | AQ348: - | AR348: - | AS348: - | AT348: - | AU348: - | AV348: =VLOOKUP(D348,DATA_SISTEMA!$A$1:$Q$506,12,FALSE) -> PATAPO | AW348: =VLOOKUP(D348,DATA_SISTEMA!$A$1:$Q$506,11,FALSE) -> CHICLAYO | AX348: =VLOOKUP(D348,DATA_SISTEMA!$A$1:$Q$506,10,FALSE) -> LAMBAYEQUE | AY348: - | AZ348: 0000-00-00 | BA348: - | BB348: 0000-00-00 | BC348: - | BD348: 0000-00-00 | BE348: - | BF348: @UNPRG.EDU.PE | BG348: 78.5
A349: 348 | B349: AL | C349: GALECIO JULCA, MIGUEL ANGEL | D349: 2626994 | E349: mgalecioj@unp.edu.pe | F349: - | G349: 969268674 | H349: =VLOOKUP(D349,DATA_SISTEMA!$A$1:$Q$506,13,FALSE) -> URB. AVIFAP- MAZ. C LOTE 6 II- ETAPA PIURA | I349: =VLOOKUP(D349,DATA_SISTEMA!$A$1:$Q$506,7,FALSE) -> 1965-01-02 | J349: - | K349: - | L349: - | M349: 327 | N349: 0 | O349: =_xlfn.CONCAT(A349,"0020261X") -> 3480020261X | P349: - | Q349: - | R349: 2026-I | S349: I | T349: =VLOOKUP(D349,DATA_SISTEMA!$A$1:$Q$506,9,FALSE) -> M | U349: A | V349: - | W349: 0000-00-00 | X349: U | Y349: - | Z349: - | AA349: 0000-00-00 | AB349: - | AC349: - | AD349: - | AE349: - | AF349: - | AG349: - | AH349: OR | AI349: MIGUEL ANGEL | AJ349: GALECIO | AK349: JULCA | AL349: 02626994 | AM349: - | AN349: - | AO349: - | AP349: - | AQ349: - | AR349: - | AS349: - | AT349: - | AU349: - | AV349: =VLOOKUP(D349,DATA_SISTEMA!$A$1:$Q$506,12,FALSE) -> PIURA | AW349: =VLOOKUP(D349,DATA_SISTEMA!$A$1:$Q$506,11,FALSE) -> PIURA | AX349: =VLOOKUP(D349,DATA_SISTEMA!$A$1:$Q$506,10,FALSE) -> PIURA | AY349: - | AZ349: 0000-00-00 | BA349: - | BB349: 0000-00-00 | BC349: - | BD349: 0000-00-00 | BE349: - | BF349: @UNPRG.EDU.PE | BG349: 78.2
A350: 349 | B350: AL | C350: COTRINA VELASQUEZ, LUIS MIGUEL | D350: 44249936 | E350: luis16_575@hotmail.com | F350: - | G350: 979066416 | H350: =VLOOKUP(D350,DATA_SISTEMA!$A$1:$Q$506,13,FALSE) -> CALLE EL AYLLU 575 - LA VICTORIA-CHICLAYO - LAMBAYEQUE | I350: =VLOOKUP(D350,DATA_SISTEMA!$A$1:$Q$506,7,FALSE) -> 1986-12-14 | J350: - | K350: - | L350: - | M350: 327 | N350: 0 | O350: =_xlfn.CONCAT(A350,"0020261X") -> 3490020261X | P350: - | Q350: - | R350: 2026-I | S350: I | T350: =VLOOKUP(D350,DATA_SISTEMA!$A$1:$Q$506,9,FALSE) -> M | U350: A | V350: - | W350: 0000-00-00 | X350: U | Y350: - | Z350: - | AA350: 0000-00-00 | AB350: - | AC350: - | AD350: - | AE350: - | AF350: - | AG350: - | AH350: OR | AI350: LUIS MIGUEL | AJ350: COTRINA | AK350: VELASQUEZ | AL350: 44249936 | AM350: - | AN350: - | AO350: - | AP350: - | AQ350: - | AR350: - | AS350: - | AT350: - | AU350: - | AV350: =VLOOKUP(D350,DATA_SISTEMA!$A$1:$Q$506,12,FALSE) -> LA VICTORIA | AW350: =VLOOKUP(D350,DATA_SISTEMA!$A$1:$Q$506,11,FALSE) -> CHICLAYO | AX350: =VLOOKUP(D350,DATA_SISTEMA!$A$1:$Q$506,10,FALSE) -> LAMBAYEQUE | AY350: - | AZ350: 0000-00-00 | BA350: - | BB350: 0000-00-00 | BC350: - | BD350: 0000-00-00 | BE350: - | BF350: @UNPRG.EDU.PE | BG350: 77.5
...

Sheet DATA_SISTEMA
A1: N. Identidad | B1: ID | C1: Nombres | D1: Apellidos | E1: Correo | F1: Celular | G1: Fecha de Nacimiento | H1: Sexo | I1: Sexo1 | J1: Departamento | K1: Provincia | L1: Distrito | M1: Dirección | N1: Facultad | O1: Grado | P1: Programa | Q1: Fecha Inscripción
A2: 23012904 | B2: 1 | C2: LUIS ALBERTO | D2: NUÑEZ ALEJOS | E2: luchonalejos@gmail.com | F2: 979107777 | G2: 1966-05-17 | H2: Masculino | I2: =IF(H2="MaSculino","M","F") -> M | J2: LAMBAYEQUE | K2: CHICLAYO | L2: LA VICTORIA | M2: AV. ORREGO 764 TORRE AI 101 | N2: FACHSE | O2: DOCTORADO | P2: Ciencias de la Educación | Q2: 2026-02-02 15:25:02
A3: 71208115 | B3: 2 | C3: KATHY | D3: LACERNA ZUTA | E3: Kathy.lacerna.zuta@gmail.com | F3: 970963109 | G3: 1995-11-15 | H3: Femenino | I3: =IF(H3="MaSculino","M","F") -> F | J3: AMAZONAS | K3: CHACHAPOYAS | L3: CHACHAPOYAS | M3: LA MERCED 429 | N3: FICSA | O3: MAESTRIA | P3: Ciencias con mención en Ordenamiento Territorial y Desarrollo Urbano | Q3: 2026-02-02 17:47:53
A4: 47251908 | B4: 3 | C4: CARLOS ROBERTO | D4: LEON VELASQUEZ | E4: cleon050591@gmail.com | F4: 912019745 | G4: 1991-05-05 | H4: Masculino | I4: =IF(H4="MaSculino","M","F") -> M | J4: LAMBAYEQUE | K4: CHICLAYO | L4: CHICLAYO | M4: URB EL AMAUTA MZ D LOTE 38 | N4: FICSA | O4: MAESTRIA | P4: Ingeniería de Sistemas con Mención en Gerencia de Tecnologías de la Información y Gestión del Software | Q4: 2026-02-03 13:04:04
A5: 75439954 | B5: 4 | C5: JEFFERSON LUIS | D5: EFFIO BENITES | E5: jeffersoneffio.9@gmail.com | F5: 971957636 | G5: 2001-03-09 | H5: Masculino | I5: =IF(H5="MaSculino","M","F") -> M | J5: LAMBAYEQUE | K5: CHICLAYO | L5: SANTA ROSA | M5: MARISCAL URETA 276 | N5: FDCP | O5: MAESTRIA | P5: Derecho con mención en Derecho Penal y Procesal Penal | Q5: 2026-02-03 14:16:26
A6: 74294310 | B6: 5 | C6: WALTER OMAR | D6: SALAZAR BRAVO | E6: salazarbravo9529@gmail.com | F6: 953264734 | G6: 1995-01-29 | H6: Masculino | I6: =IF(H6="MaSculino","M","F") -> M | J6: CAJAMARCA | K6: CHOTA | L6: LLAMA | M6: JR.14 DE NOVIEMBRE S/N | N6: FDCP | O6: MAESTRIA | P6: Derecho con mención en Derecho Constitucional y Procesal Constitucional | Q6: 2026-02-04 20:40:24
A7: 17640756 | B7: 6 | C7: PERCY WILLIAM | D7: PRADA TABOADA | E7: percypradat@gmail.com | F7: 948315948 | G7: 1977-09-25 | H7: Masculino | I7: =IF(H7="MaSculino","M","F") -> M | J7: LAMBAYEQUE | K7: LAMBAYEQUE | L7: LAMBAYEQUE | M7: CALLE PIURA 364 PUEBLO JOVEN SAN MARTIN LAMBAYEQUE | N7: FACEAC | O7: MAESTRIA | P7: Administración con mención en Gerencia Empresarial | Q7: 2026-02-04 22:42:38
A8: 25869444 | B8: 7 | C8: ANGELICA MILAGROS | D8: MAGALLANES FLORES | E8: mmagallanesflores99@gmail.com | F8: 929296574 | G8: 1978-09-09 | H8: Femenino | I8: =IF(H8="MaSculino","M","F") -> F | J8: LORETO | K8: MAYNAS | L8: IQUITOS | M8: NAUTA N° 1757 IQUITOS | N8: FCCBB | O8: SEGUNDA ESPECIALIDAD PROFESIONAL | P8: Microbiología Clínica | Q8: 2026-02-05 09:23:00
A9: 43774455 | B9: 8 | C9: CINTHIA JANET | D9: PASACHE RUMICHE | E9: ing.cinthiajanet@gmail.com | F9: 938289726 | G9: 1986-04-19 | H9: Femenino | I9: =IF(H9="MaSculino","M","F") -> F | J9: LAMBAYEQUE | K9: LAMBAYEQUE | L9: LAMBAYEQUE | M9: CALLE LOS JAZMINES S/N ASENTAMIENTO HUMANO 18 DE FEBRERO 1 | N9: FICSA | O9: MAESTRIA | P9: Ciencias con mención en Ingeniería Hidráulica | Q9: 2026-02-05 10:43:19
A10: 46208428 | B10: 9 | C10: FANNY IRENE | D10: TULLUME FARRO | E10: fanny_vrij@hotmail.com | F10: 918867377 | G10: 1990-03-02 | H10: Femenino | I10: =IF(H10="MaSculino","M","F") -> F | J10: LAMBAYEQUE | K10: CHICLAYO | L10: MONSEFU | M10: CALLANCA SUB ESTACIÓN 12, RESTAURANT CAMPESTRE MI CARMENCITA | N10: FACEAC | O10: DOCTORADO | P10: Administración | Q10: 2026-02-05 14:12:04
A11: 72086966 | B11: 10 | C11: RICHARD ARTURO | D11: DELGADO ESTELA | E11: rdelgadoe@unprg.edu.pe | F11: 934709713 | G11: 1998-08-29 | H11: Masculino | I11: =IF(H11="MaSculino","M","F") -> M | J11: LAMBAYEQUE | K11: CHICLAYO | L11: JOSE LEONARDO ORTIZ | M11: INCANATO 1250 - J.L.O - URRUNAGA | N11: FAG | O11: MAESTRIA | P11: Ciencias Agrarias con mención en Agroexportación Sostenible | Q11: 2026-02-06 18:09:15
A12: 16719569 | B12: 11 | C12: VICTOR MANUEL | D12: TEPE ATOCHE | E12: cobrepsa@gmail.com | F12: 943855088 | G12: 1957-06-09 | H12: Masculino | I12: =IF(H12="MaSculino","M","F") -> M | J12: LAMBAYEQUE | K12: CHICLAYO | L12: CHICLAYO | M12: CALLE JUAN MANUEL ITURREGUI 470- URB. CHICLAYO | N12: FACHSE | O12: DOCTORADO | P12: Ciencias de la Educación | Q12: 2026-02-06 18:17:36
A13: 72127985 | B13: 12 | C13: FLOYNER | D13: PALOMINO HERNÁNDEZ | E13: floynerpalomino20@hotmail.com | F13: 958547673 | G13: 1997-05-20 | H13: Masculino | I13: =IF(H13="MaSculino","M","F") -> M | J13: CAJAMARCA | K13: SAN MIGUEL | L13: LLAPA | M13: CP PAMPA LA CALZADA | N13: FICSA | O13: MAESTRIA | P13: Gerencia de Obras y Construcción | Q13: 2026-02-06 21:48:21
A14: 41524559 | B14: 13 | C14: JUAN CARLOS | D14: VIVES GARNIQUE | E14: jvives@uss.edu.pe | F14: 972801971 | G14: 1982-03-24 | H14: Masculino | I14: =IF(H14="MaSculino","M","F") -> M | J14: LAMBAYEQUE | K14: CHICLAYO | L14: REQUE | M14: AV. MARISCAL CASTILLA 700 | N14: FIME | O14: DOCTORADO | P14: Ciencias de la Ingeniería Mecánica y Eléctrica con mención en Energía | Q14: 2026-02-09 16:25:08
A15: 16722503 | B15: 14 | C15: ROCIO DEL ALBA | D15: LA TORRE ALIAGA | E15: rlatorre@gruporolat.com | F15: 943987112 | G15: 1974-11-30 | H15: Femenino | I15: =IF(H15="MaSculino","M","F") -> F | J15: LAMBAYEQUE | K15: CHICLAYO | L15: CHICLAYO | M15: JOSE CARLOS MARIATEGUI 280 - LOS ABOGADOS | N15: FACEAC | O15: DOCTORADO | P15: Administración | Q15: 2026-02-10 10:01:47
... A291: 47130117 | B291: 290 | C291: STEPHANIE FIORELLA | D291: MONTERROSO PEREZ | E291: stephaniemonterrosoperez@gmail.com | F291: 921163748 | G291: 1991-11-01 | H291: Femenino | I291: =IF(H291="MaSculino","M","F") -> F | J291: LAMBAYEQUE | K291: FERREÑAFE | L291: PITIPO | M291: CA. LOS MANGOS N° 46 BATANGRANDE | N291: FACEAC | O291: MAESTRIA | P291: Administración con mención en Gerencia Empresarial | Q291: 2026-05-13 11:14:47
A292: 76371544 | B292: 291 | C292: ROYNER ADERSON | D292: DIAZ FERNANDEZ | E292: royneradersondiazfernandez@gmail.com | F292: 945880578 | G292: 2000-11-28 | H292: Masculino | I292: =IF(H292="MaSculino","M","F") -> M | J292: LAMBAYEQUE | K292: CHICLAYO | L292: LA VICTORIA | M292: 266 | N292: FACHSE | O292: MAESTRIA | P292: Ciencias de la Educación con mención en Docencia y Gestión Universitaria | Q292: 2026-05-13 12:25:42
A293: 42303668 | B293: 292 | C293: VANESSA DEL PILAR | D293: SAMAME LUCERO | E293: vanesamamelucero@gmail.com | F293: 978723397 | G293: 1984-03-23 | H293: Femenino | I293: =IF(H293="MaSculino","M","F") -> F | J293: LAMBAYEQUE | K293: CHICLAYO | L293: CHICLAYO | M293: MANGLARES 125, URB. FEDERICO VILLARREAL | N293: FACEAC | O293: DOCTORADO | P293: Administración | Q293: 2026-05-13 12:33:04
A294: 73467131 | B294: 293 | C294: ISABEL | D294: GARCIA CORDOVA | E294: chavellycordova@gmail.com | F294: 920027257 | G294: 1996-09-11 | H294: Femenino | I294: =IF(H294="MaSculino","M","F") -> F | J294: CAJAMARCA | K294: SAN IGNACIO | L294: SAN IGNACIO | M294: JR CUZCO 217 - SAN IGNACIO | N294: FIQIA | O294: SEGUNDA ESPECIALIDAD PROFESIONAL | P294: Gestión Ambiental - VIRTUAL | Q294: 2026-05-13 12:37:30
A295: 73704207 | B295: 294 | C295: ROSA MARIA BEATRIZ | D295: VASQUEZ VERA | E295: rosa.vv0310@gmail.com | F295: 952699247 | G295: 2000-07-03 | H295: Femenino | I295: =IF(H295="MaSculino","M","F") -> F | J295: LAMBAYEQUE | K295: CHICLAYO | L295: CHICLAYO | M295: CALLE SANTA LUCÍA MZ A1 LOTE 1 URB. LA PURÍSIMA | N295: FICSA | O295: MAESTRIA | P295: Ciencias con mención en Ordenamiento Territorial y Desarrollo Urbano | Q295: 2026-05-13 12:46:33
A296: 71646998 | B296: 295 | C296: EINSTEN YORDI | D296: PALOMINO IZQUIERDO | E296: epalominoi@unprg.edu.pe | F296: 918321327 | G296: 1997-02-11 | H296: Masculino | I296: =IF(H296="MaSculino","M","F") -> M | J296: CAJAMARCA | K296: SANTA CRUZ | L296: YAUYUCAN | M296: AVENIDA PERÚ N° S/N, MZ - LTE -, KM -, - CIUDAD DE YAUYUCÁN - REF | N296: FICSA | O296: MAESTRIA | P296: Gerencia de Obras y Construcción | Q296: 2026-05-13 13:22:32
A297: 75673491 | B297: 296 | C297: GIPSON GEANCARLO | D297: PEREZ FERNANDEZ | E297: gperezf@unprg.edu.pe | F297: 910630942 | G297: 1998-02-17 | H297: Masculino | I297: =IF(H297="MaSculino","M","F") -> M | J297: SAN MARTIN | K297: MOYOBAMBA | L297: MOYOBAMBA | M297: JR. DOS DE MAYO Nº837 | N297: FICSA | O297: MAESTRIA | P297: Gerencia de Obras y Construcción | Q297: 2026-05-13 13:42:26
A298: 75875291 | B298: 297 | C298: JACKELINE MARGARITA | D298: CESPEDES RINZA | E298: jackelinecatorce@gmail.com | F298: 922815639 | G298: 1996-11-14 | H298: Femenino | I298: =IF(H298="MaSculino","M","F") -> F | J298: LAMBAYEQUE | K298: FERREÑAFE | L298: FERREÑAFE | M298: AV. LUIS ABELARDO TAKAHASHI 669 | N298: FICSA | O298: MAESTRIA | P298: Ciencias con mención en Ordenamiento Territorial y Desarrollo Urbano | Q298: 2026-05-13 13:47:12
A299: 77294821 | B299: 298 | C299: CAROLAY MELINA | D299: MERLO JAVE | E299: cmerlojave@gmail.com | F299: 980509283 | G299: 1996-12-29 | H299: Femenino | I299: =IF(H299="MaSculino","M","F") -> F | J299: LAMBAYEQUE | K299: CHICLAYO | L299: JOSE LEONARDO ORTIZ | M299: ROOSVELT 1406 URRUNAGA | N299: FACHSE | O299: MAESTRIA | P299: Ciencias de la Educación con mención en Investigación y Docencia | Q299: 2026-05-13 14:14:54
A300: 71323716 | B300: 299 | C300: CARLOS ENRIQUE | D300: CABREJOS SAHUMA | E300: carloscabrejoss2024@gmail.com | F300: 991672212 | G300: 2002-05-07 | H300: Masculino | I300: =IF(H300="MaSculino","M","F") -> M | J300: LAMBAYEQUE | K300: CHICLAYO | L300: CHICLAYO | M300: CALLE MAYNAS #218 URB. PATAZCA | N300: FICSA | O300: MAESTRIA | P300: Ciencias con mención en Ordenamiento Territorial y Desarrollo Urbano | Q300: 2026-05-13 14:18:07
A301: 45803390 | B301: 300 | C301: JOSE GABRIEL | D301: GUEVARA RODRIGUEZ | E301: jrodrick_2@hotmail.com | F301: 914081584 | G301: 1989-05-05 | H301: Masculino | I301: =IF(H301="MaSculino","M","F") -> M | J301: LAMBAYEQUE | K301: LAMBAYEQUE | L301: ILLIMO | M301: CALLE PANAMERICANA 301 | N301: FIA | O301: MAESTRIA | P301: Gestión Integrada de los Recursos Hídricos | Q301: 2026-05-13 14:18:38
A302: 78007600 | B302: 301 | C302: ALEXANDER VALENTIN | D302: VILLALOBOS ELERA | E302: avillalobose@unprg.edu.pe | F302: 930226970 | G302: 1996-04-02 | H302: Masculino | I302: =IF(H302="MaSculino","M","F") -> M | J302: LAMBAYEQUE | K302: CHICLAYO | L302: CHICLAYO | M302: LAS CUCARDAS 270 - LOPEZ ALBUJAR | N302: FICSA | O302: MAESTRIA | P302: Gerencia de Obras y Construcción | Q302: 2026-05-13 14:36:37
A303: 45465030 | B303: 302 | C303: NEXAR ISMAEL | D303: ROQUE RINZA | E303: nexar.2388@gmail.com | F303: 963679166 | G303: 1988-09-23 | H303: Masculino | I303: =IF(H303="MaSculino","M","F") -> M | J303: LAMBAYEQUE | K303: FERREÑAFE | L303: FERREÑAFE | M303: CALLE CESAR VALLEJO MZ Q1 LT 24 | N303: FICSA | O303: MAESTRIA | P303: Ingeniería de Sistemas con Mención en Gerencia de Tecnologías de la Información y Gestión del Software | Q303: 2026-05-13 14:52:05
A304: 72845372 | B304: 303 | C304: EDSON DENILSON | D304: DIAZ SANDOVAL | E304: ed232597@gmail.com | F304: 957810913 | G304: 1997-04-25 | H304: Masculino | I304: =IF(H304="MaSculino","M","F") -> M | J304: LAMBAYEQUE | K304: CHICLAYO | L304: JOSE LEONARDO ORTIZ | M304: CALLES LAS DALIAS N°263, PUEBLO JOVEN MILAGRO DE DIOS | N304: FICSA | O304: MAESTRIA | P304: Gerencia de Obras y Construcción | Q304: 2026-05-13 15:02:53
... A506: 75879465 | B506: 505 | C506: CINTHIA ROXANA | D506: FARROÑAN VALDERA | E506: farronanvalderacinthia@gmail.com | F506: 935563100 | G506: 1996-10-12 | H506: Femenino | I506: =IF(H506="MaSculino","M","F") -> F | J506: LAMBAYEQUE | K506: LAMBAYEQUE | L506: MORROPE | M506: CASERIO TRANCA FANUPE | N506: FAG | O506: MAESTRIA | P506: Ciencias Agrarias con mención en Agroexportación Sostenible | Q506: 2026-07-03 17:23:06
